sensor_id,lat,lon,pressure,temperature,humidity
3472,42.669,23.318,94600.45,16.58,77.12
4469,42.665,23.293,94662.98,31.45,26.92
3102,42.665,23.392,94688.8,20.69,67.5
2294,42.645,23.265,92585.83,23.22,52.04
2228,42.693,23.333,94934.25,32.99,37.92
2232,42.685,23.301,95013.48,25.96,61.05
2234,42.685,23.356,94303.42,30.6,39.35
2607,42.66,23.319,95247.03,25.07,45.59
3092,42.666,23.284,94652.42,20.25,0.0
3092,42.666,23.284,94408.66,19.58,0.0
3558,42.671,23.364,95149.36,36.45,18.31
3474,42.68,23.293,95236.75,21.27,61.67
2607,42.66,23.319,94417.61,37.42,22.16
4358,42.703,23.373,94662.48,17.87,88.37
2038,42.694,23.32,94722.11,21.03,69.09
2232,42.685,23.301,93802.23,28.96,38.96
2224,42.651,23.335,94492.06,29.65,29.66
3982,42.654,23.33,94364.64,25.75,0.0
2292,42.663,23.273,94184.4,22.83,42.15
3096,42.7,23.36,95276.19,23.55,45.05
2264,42.671,23.31,95371.41,18.06,68.09
2323,42.686,23.4,94709.16,16.88,91.22
4358,42.703,23.373,95798.92,28.53,37.99
2036,42.657,23.349,94923.79,18.05,73.36
2036,42.657,23.349,94391.16,33.87,25.16
2234,42.685,23.356,95166.18,30.65,32.77
2323,42.686,23.4,95338.41,32.92,31.58
3982,42.654,23.33,94774.53,29.16,0.0
3642,42.694,23.36,95213.85,17.63,78.17
3836,42.702,23.371,95677.07,25.8,47.11
2036,42.657,23.349,95353.13,13.73,79.42
1954,42.704,23.354,94937.49,24.25,42.14
1764,42.622,23.366,93425.39,21.36,55.53
1954,42.704,23.354,95930.28,22.43,52.95
1850,42.677,23.311,94243.59,18.47,77.78
3512,42.683,23.335,95137.56,29.19,53.07
2294,42.645,23.265,92941.5,16.57,75.71
2232,42.685,23.301,94932.28,30.07,43.36
2294,42.645,23.265,93146.63,20.77,52.71
3092,42.666,23.284,93825.01,19.2,0.0
1850,42.677,23.311,94756.23,19.89,56.77
1850,42.677,23.311,94459.55,32.08,42.4
2228,42.693,23.333,95255.68,29.87,37.29
2323,42.686,23.4,94989.53,24.1,43.25
3296,42.671,23.325,94894.74,47.21,10.52
2038,42.694,23.32,95609.92,28.49,31.98
3438,42.738,23.293,95669.14,20.17,56.78
3092,42.666,23.284,94959.83,28.38,37.61
2228,42.693,23.333,95176.93,20.35,50.17
3428,42.624,23.406,94669.68,25.52,44.06
3982,42.654,23.33,94504.47,34.25,0.0
1954,42.704,23.354,95725.17,31.98,32.42
2234,42.685,23.356,95606.83,25.51,42.78
2266,42.738,23.272,95685.75,22.04,77.23
2266,42.738,23.272,95996.86,22.01,58.06
2264,42.671,23.31,95158.94,17.5,78.1
3642,42.694,23.36,94673.78,28.37,38.69
2607,42.66,23.319,94919.08,21.17,67.93
2228,42.693,23.333,95301.11,18.86,65.04
3432,42.71,23.419,95764.14,17.86,82.83
2040,42.686,23.351,94952.01,25.79,46.54
1962,42.69,23.324,95342.9,20.89,60.88
3620,42.678,23.254,94873.49,20.25,70.72
2323,42.686,23.4,95380.88,31.43,27.57
1962,42.69,23.324,94371.23,28.16,40.36
2294,42.645,23.265,92669.17,22.87,49.94
2230,42.692,23.332,94969.92,31.53,37.37
3474,42.68,23.293,94785.24,31.87,30.22
3982,42.654,23.33,95157.09,19.8,0.0
3500,42.703,23.349,94361.66,28.0,48.89
2038,42.694,23.32,95483.91,32.26,30.89
4473,42.625,23.321,93311.63,31.1,28.23
2230,42.692,23.332,94147.22,27.59,44.22
2323,42.686,23.4,95493.65,32.31,31.22
2294,42.645,23.265,93247.39,27.14,38.01
2264,42.671,23.31,94314.09,20.38,74.91
3102,42.665,23.392,94886.11,25.17,38.69
2232,42.685,23.301,95264.95,28.8,32.31
3558,42.671,23.364,94373.94,21.68,44.18
2228,42.693,23.333,95155.14,35.21,33.59
3102,42.665,23.392,94863.57,20.14,68.02
2232,42.685,23.301,95080.78,30.98,30.36
3436,42.693,23.359,94429.22,23.99,52.91
2264,42.671,23.31,94149.09,24.01,59.21
2294,42.645,23.265,93064.19,40.63,17.83
2216,42.664,23.373,94990.34,28.83,48.1
3428,42.624,23.406,95040.0,31.74,30.13
1952,42.709,23.398,95674.7,16.11,89.19
4469,42.665,23.293,93492.84,27.52,43.48
2232,42.685,23.301,94992.71,33.42,25.28
2038,42.694,23.32,95855.08,20.19,59.3
2038,42.694,23.32,95040.91,30.79,29.58
4558,42.706,23.38,94992.54,16.17,70.79
3836,42.702,23.371,95727.25,27.99,35.48
3436,42.693,23.359,95403.41,17.04,78.13
3472,42.669,23.318,94377.8,22.88,59.2
2224,42.651,23.335,94087.94,39.26,20.55
1846,42.64,23.31,93036.75,15.83,100.0
3102,42.665,23.392,95708.41,25.38,38.69
1954,42.704,23.354,95356.34,38.65,24.42
2036,42.657,23.349,94395.85,24.81,47.47
3102,42.665,23.392,95620.34,20.05,54.69
1846,42.64,23.31,94005.64,14.18,93.47
2264,42.671,23.31,94930.36,28.25,49.8
2262,42.691,23.324,95064.07,33.24,26.98
3500,42.703,23.349,95717.27,18.07,67.39
2232,42.685,23.301,95230.67,22.75,54.42
3296,42.671,23.325,94680.05,37.67,29.27
3968,42.689,23.357,95274.08,23.44,59.95
1850,42.677,23.311,94976.66,30.76,31.15
3102,42.665,23.392,94187.4,36.32,21.58
3982,42.654,23.33,94865.09,24.08,0.0
1846,42.64,23.31,93347.87,16.43,63.3
3620,42.678,23.254,93773.28,17.55,88.92
3092,42.666,23.284,94513.44,23.46,0.0
3102,42.665,23.392,95148.78,40.87,15.41
3836,42.702,23.371,95446.45,24.25,49.93
2224,42.651,23.335,94779.05,17.42,73.17
3096,42.7,23.36,95531.56,30.04,29.57
2040,42.686,23.351,95833.06,23.76,55.15
2266,42.738,23.272,95599.12,34.63,34.83
2230,42.692,23.332,95586.24,26.72,38.13
2224,42.651,23.335,94337.92,28.29,37.57
3438,42.738,23.293,95429.6,28.04,39.57
4473,42.625,23.321,92387.34,36.89,32.7
3558,42.671,23.364,95352.71,21.89,57.09
2264,42.671,23.31,94562.41,32.14,33.85
3472,42.669,23.318,94646.75,21.91,68.66
3836,42.702,23.371,96038.73,19.23,66.33
2262,42.691,23.324,95570.03,27.47,34.86
3472,42.669,23.318,94798.28,24.79,51.77
2230,42.692,23.332,95230.56,19.1,78.97
2292,42.663,23.273,93899.72,19.34,79.86
2230,42.692,23.332,94509.36,24.8,54.13
2224,42.651,23.335,93906.0,29.5,36.64
2266,42.738,23.272,94895.83,17.19,94.08
2266,42.738,23.272,95513.91,34.35,27.48
3428,42.624,23.406,94445.91,28.41,32.05
3096,42.7,23.36,95369.77,32.2,25.19
3436,42.693,23.359,94955.52,23.91,60.99
3558,42.671,23.364,94220.39,18.45,78.54
2228,42.693,23.333,94618.75,19.0,74.8
2294,42.645,23.265,93215.3,26.12,42.73
2040,42.686,23.351,117638.84,-145.12,100.0
2232,42.685,23.301,95100.16,23.36,61.25
2262,42.691,23.324,95310.84,41.03,21.17
2294,42.645,23.265,93142.77,23.52,50.7
3102,42.665,23.392,95592.61,19.62,57.07
1846,42.64,23.31,94151.8,17.95,84.73
3982,42.654,23.33,94815.05,21.41,0.0
4467,42.665,23.278,95092.29,24.88,47.47
3432,42.71,23.419,95338.0,23.97,55.15
2264,42.671,23.31,95244.67,23.16,64.66
2216,42.664,23.373,95162.63,21.52,77.68
3432,42.71,23.419,95909.73,17.36,76.06
2230,42.692,23.332,95109.09,19.68,81.22
3092,42.666,23.284,94175.33,18.33,63.19
1764,42.622,23.366,93844.24,24.94,41.82
1952,42.709,23.398,95514.77,18.14,57.65
2232,42.685,23.301,95265.41,24.55,45.56
3642,42.694,23.36,95594.61,27.65,41.77
2262,42.691,23.324,95595.39,28.35,34.57
3836,42.702,23.371,95963.43,30.7,25.13
1962,42.69,23.324,95184.7,40.71,23.16
1850,42.677,23.311,95028.01,19.45,67.79
1962,42.69,23.324,94781.43,33.93,35.05
1850,42.677,23.311,95134.91,23.97,56.28
3102,42.665,23.392,94508.16,25.39,44.4
2264,42.671,23.31,94434.56,20.54,74.49
4473,42.625,23.321,93497.09,19.59,62.02
3512,42.683,23.335,94899.71,19.66,79.35
3472,42.669,23.318,94751.17,16.91,73.72
2230,42.692,23.332,95385.62,24.15,50.6
3968,42.689,23.357,95018.03,27.82,50.75
3620,42.678,23.254,94700.84,29.91,42.75
2232,42.685,23.301,95221.98,22.34,55.75
3472,42.669,23.318,94858.02,28.85,31.79
2264,42.671,23.31,95290.56,32.03,27.71
3102,42.665,23.392,95386.2,37.94,21.03
2232,42.685,23.301,95189.64,33.31,36.23
3500,42.703,23.349,95044.91,24.06,63.06
3738,42.7,23.332,95460.7,28.65,43.87
2264,42.671,23.31,94386.89,38.93,21.89
3512,42.683,23.335,95313.53,20.83,80.24
2607,42.66,23.319,94749.5,22.22,54.3
1846,42.64,23.31,93472.44,20.27,58.24
2294,42.645,23.265,93119.58,18.17,66.39
4358,42.703,23.373,0.0,0.0,0.0
3436,42.693,23.359,95753.61,20.95,56.62
2234,42.685,23.356,95364.74,30.78,28.05
1764,42.622,23.366,94649.78,32.24,33.63
2232,42.685,23.301,94597.12,24.88,52.72
2232,42.685,23.301,94280.25,20.57,63.22
2234,42.685,23.356,95160.67,35.56,27.43
3432,42.71,23.419,96029.22,28.96,37.87
3620,42.678,23.254,94538.84,26.09,64.07
3836,42.702,23.371,95672.22,20.05,65.23
2232,42.685,23.301,95464.86,18.52,63.94
1846,42.64,23.31,93526.91,24.47,47.56
2607,42.66,23.319,95098.52,24.68,49.93
2228,42.693,23.333,95053.25,24.69,57.47
2036,42.657,23.349,94921.78,15.95,76.52
2234,42.685,23.356,95323.67,28.93,34.41
2264,42.671,23.31,95485.75,22.24,65.12
2036,42.657,23.349,95371.55,18.99,61.75
4358,42.703,23.373,95526.28,23.53,55.45
3620,42.678,23.254,94859.12,34.15,39.89
2262,42.691,23.324,94325.77,19.3,75.05
3738,42.7,23.332,95508.42,29.31,41.93
3512,42.683,23.335,95288.53,41.99,21.04
2607,42.66,23.319,94386.3,29.42,43.33
3432,42.71,23.419,95989.22,30.23,25.1
3472,42.669,23.318,94928.13,22.26,54.82
3836,42.702,23.371,95752.4,19.46,68.75
3982,42.654,23.33,94874.81,23.83,0.0
3432,42.71,23.419,95773.5,25.43,56.3
3836,42.702,23.371,94582.05,19.82,84.97
4475,42.654,23.316,93680.61,18.75,78.06
3500,42.703,23.349,95052.06,41.94,13.88
2036,42.657,23.349,95011.25,14.33,87.42
1850,42.677,23.311,95573.5,23.86,50.66
2294,42.645,23.265,92959.59,18.64,69.71
2230,42.692,23.332,95527.16,26.94,39.7
3428,42.624,23.406,94353.92,38.47,19.04
3738,42.7,23.332,95507.88,21.17,56.63
1954,42.704,23.354,95232.35,38.24,27.44
3500,42.703,23.349,95390.56,20.45,72.73
4475,42.654,23.316,94713.98,18.09,66.05
3102,42.665,23.392,95641.36,36.39,25.02
3436,42.693,23.359,95241.61,29.69,33.59
3982,42.654,23.33,94467.29,24.02,0.0
4471,42.698,23.291,95531.64,25.7,47.81
2232,42.685,23.301,94317.02,34.23,36.29
2292,42.663,23.273,94445.6,32.74,26.03
1764,42.622,23.366,93759.64,25.82,43.49
2323,42.686,23.4,95367.87,20.05,59.26
3436,42.693,23.359,95473.31,26.34,30.91
3836,42.702,23.371,95083.91,26.62,52.09
2607,42.66,23.319,94737.71,28.94,39.57
2264,42.671,23.31,95044.48,33.89,35.08
1962,42.69,23.324,94817.78,32.49,28.09
1954,42.704,23.354,94720.77,19.13,73.86
3096,42.7,23.36,94145.52,29.88,43.58
3096,42.7,23.36,95451.05,27.31,54.97
1962,42.69,23.324,95441.61,21.24,67.66
1850,42.677,23.311,95262.36,16.22,81.68
2294,42.645,23.265,92940.32,24.1,54.98
2262,42.691,23.324,95272.22,20.88,62.27
2038,42.694,23.32,95371.14,25.54,48.09
3474,42.68,23.293,94705.63,18.27,81.67
1846,42.64,23.31,93527.0,39.44,22.4
3096,42.7,23.36,94479.12,27.17,51.28
2228,42.693,23.333,95673.92,18.69,67.39
3436,42.693,23.359,95681.25,19.53,70.07
2036,42.657,23.349,95026.42,31.08,27.65
3500,42.703,23.349,95680.84,27.38,37.52
4471,42.698,23.291,94735.45,18.52,58.53
3500,42.703,23.349,94733.87,38.26,19.85
3428,42.624,23.406,94746.84,24.53,59.96
2036,42.657,23.349,95284.97,16.11,90.95
3620,42.678,23.254,94945.78,22.64,64.56
2228,42.693,23.333,95381.2,22.43,55.54
3428,42.624,23.406,94183.48,23.93,52.67
3512,42.683,23.335,94637.93,22.46,65.57
2266,42.738,23.272,95763.53,24.73,52.65
2224,42.651,23.335,94205.48,27.35,35.06
1962,42.69,23.324,95431.97,33.16,23.45
2232,42.685,23.301,95331.56,24.14,52.22
3982,42.654,23.33,93887.35,20.55,0.0
2224,42.651,23.335,94789.19,21.73,50.66
3092,42.666,23.284,94165.75,18.47,0.0
3432,42.71,23.419,95665.22,19.7,78.04
3500,42.703,23.349,95327.91,37.07,23.55
3500,42.703,23.349,95224.59,20.08,52.14
2294,42.645,23.265,92924.45,17.19,55.34
3512,42.683,23.335,95463.06,41.05,21.76
1850,42.677,23.311,93787.53,28.97,50.54
3512,42.683,23.335,94389.92,32.89,30.64
2216,42.664,23.373,95285.72,31.18,30.92
2036,42.657,23.349,95061.14,31.7,27.75
2234,42.685,23.356,95486.31,20.17,54.96
3836,42.702,23.371,95630.62,17.1,85.06
1764,42.622,23.366,94116.53,26.7,49.35
3836,42.702,23.371,95267.01,24.33,60.98
2294,42.645,23.265,92554.16,27.47,49.0
3836,42.702,23.371,95857.7,24.76,49.31
1954,42.704,23.354,95318.08,26.26,53.86
1846,42.64,23.31,92993.05,25.06,56.7
3432,42.71,23.419,95538.75,23.48,62.13
2234,42.685,23.356,94267.97,17.88,81.76
2036,42.657,23.349,94524.78,20.39,70.54
3982,42.654,23.33,94926.45,20.74,0.0
3102,42.665,23.392,94438.09,20.82,73.55
3432,42.71,23.419,95409.59,23.79,46.72
2230,42.692,23.332,95348.79,30.54,42.34
4467,42.665,23.278,93629.27,25.09,51.23
3836,42.702,23.371,95232.48,19.84,57.26
3620,42.678,23.254,93573.52,26.67,51.31
2323,42.686,23.4,95545.67,25.95,49.23
2292,42.663,23.273,94775.88,15.04,77.84
3500,42.703,23.349,94969.16,25.01,53.66
2232,42.685,23.301,95158.88,23.34,57.35
4608,42.708,23.308,95524.02,30.93,27.61
1952,42.709,23.398,95947.59,28.78,33.81
3620,42.678,23.254,94214.26,40.45,21.95
3474,42.68,23.293,94957.23,30.9,31.83
3500,42.703,23.349,95412.52,24.62,48.13
3438,42.738,23.293,95473.21,23.45,68.88
4358,42.703,23.373,94977.31,16.7,67.47
2266,42.738,23.272,94404.61,29.8,38.72
3296,42.671,23.325,95012.91,26.37,52.71
2224,42.651,23.335,95038.35,32.1,28.73
3558,42.671,23.364,95097.94,25.75,41.01
2262,42.691,23.324,95504.53,29.42,33.17
2230,42.692,23.332,95231.67,22.4,48.36
2262,42.691,23.324,95241.73,16.73,80.2
3642,42.694,23.36,94762.25,27.8,35.06
2294,42.645,23.265,92824.23,28.1,35.79
3512,42.683,23.335,94827.97,22.06,64.63
3296,42.671,23.325,94359.7,25.96,37.52
2234,42.685,23.356,95276.8,24.13,61.93
3092,42.666,23.284,94922.02,19.44,0.0
2230,42.692,23.332,94764.48,20.78,76.06
2234,42.685,23.356,94822.16,26.61,47.46
2234,42.685,23.356,94503.95,19.13,79.63
1954,42.704,23.354,95224.37,17.48,80.93
3472,42.669,23.318,94200.11,39.12,15.82
2230,42.692,23.332,94879.82,24.74,41.19
2230,42.692,23.332,95033.13,29.67,40.94
1954,42.704,23.354,95502.34,28.64,37.42
4358,42.703,23.373,0.0,0.0,0.0
4477,42.629,23.301,91551.11,16.47,84.07
3982,42.654,23.33,94356.84,20.48,0.0
1954,42.704,23.354,95056.66,18.69,58.11
2224,42.651,23.335,95098.34,25.92,37.5
3836,42.702,23.371,95461.62,22.41,50.47
3432,42.71,23.419,94746.41,19.14,86.62
3642,42.694,23.36,95146.01,27.44,42.62
3092,42.666,23.284,94235.11,36.55,0.0
3432,42.71,23.419,94782.23,27.32,47.52
2607,42.66,23.319,95027.17,18.78,67.06
1846,42.64,23.31,94220.17,15.36,71.81
2040,42.686,23.351,117638.84,-145.12,100.0
3102,42.665,23.392,95860.19,31.13,27.54
3326,42.662,23.368,94675.86,36.99,26.07
3438,42.738,23.293,95482.87,35.73,22.83
3500,42.703,23.349,95697.2,35.15,19.49
3096,42.7,23.36,95055.89,25.39,44.09
3836,42.702,23.371,94701.19,16.16,95.68
3102,42.665,23.392,95269.75,31.01,38.44
2216,42.664,23.373,94234.31,26.8,40.18
3438,42.738,23.293,95453.48,28.59,45.53
3102,42.665,23.392,95631.22,27.18,33.11
2234,42.685,23.356,95621.88,17.84,83.28
2266,42.738,23.272,95508.41,29.63,45.89
2230,42.692,23.332,94577.42,31.47,33.03
3296,42.671,23.325,94685.94,28.81,46.4
2262,42.691,23.324,95462.99,22.02,57.81
2294,42.645,23.265,93245.86,32.32,29.65
2232,42.685,23.301,95332.34,24.36,43.36
2323,42.686,23.4,95392.22,28.81,43.48
2040,42.686,23.351,117638.84,-145.12,100.0
2323,42.686,23.4,94813.75,30.9,31.86
2234,42.685,23.356,94782.78,24.65,40.77
1954,42.704,23.354,94978.57,31.34,38.29
2228,42.693,23.333,95171.59,30.48,30.99
4608,42.708,23.308,95036.73,25.99,38.65
1764,42.622,23.366,94515.09,18.96,74.09
2264,42.671,23.31,95402.76,17.89,67.92
2230,42.692,23.332,94559.03,22.42,64.32
2036,42.657,23.349,94707.5,26.08,51.87
3836,42.702,23.371,96160.31,14.95,85.26
1850,42.677,23.311,95309.68,26.8,51.91
3620,42.678,23.254,94813.0,26.81,55.51
2262,42.691,23.324,95191.63,30.69,40.44
2264,42.671,23.31,94910.44,29.81,46.37
3512,42.683,23.335,95779.13,24.84,47.92
1952,42.709,23.398,96012.77,33.42,30.39
1952,42.709,23.398,95720.0,19.82,66.71
1954,42.704,23.354,95445.2,31.13,28.57
3428,42.624,23.406,95016.28,24.77,50.72
2292,42.663,23.273,94489.62,22.68,39.85
3500,42.703,23.349,95493.56,24.03,52.63
3836,42.702,23.371,95258.22,19.3,59.67
2040,42.686,23.351,117638.84,-145.12,100.0
3836,42.702,23.371,95267.32,24.11,58.47
3642,42.694,23.36,94976.78,20.25,62.63
3472,42.669,23.318,94959.77,24.35,43.62
2607,42.66,23.319,93887.38,17.34,78.45
3472,42.669,23.318,95069.8,20.95,51.22
3436,42.693,23.359,95489.06,32.23,34.47
1952,42.709,23.398,95241.38,23.78,51.27
3096,42.7,23.36,94985.59,32.42,16.63
1952,42.709,23.398,95801.95,15.69,84.56
2216,42.664,23.373,94497.64,19.24,81.96
3102,42.665,23.392,94785.0,17.69,58.59
3472,42.669,23.318,93915.98,37.18,20.99
3436,42.693,23.359,94498.76,23.09,63.49
2216,42.664,23.373,95241.62,31.9,32.73
1850,42.677,23.311,95114.48,29.16,45.33
1962,42.69,23.324,95261.48,37.59,31.38
1764,42.622,23.366,94691.36,23.33,52.72
1962,42.69,23.324,95185.63,25.99,53.8
2607,42.66,23.319,94989.34,14.68,87.14
2262,42.691,23.324,95593.89,20.43,58.45
3836,42.702,23.371,96065.55,21.38,58.68
3512,42.683,23.335,94713.17,19.59,80.96
1764,42.622,23.366,93757.25,39.81,22.06
3438,42.738,23.293,95047.93,19.51,60.85
3428,42.624,23.406,95289.21,26.31,37.15
3296,42.671,23.325,94374.83,23.85,54.24
3836,42.702,23.371,94496.28,32.73,34.96
1962,42.69,23.324,95422.56,30.34,45.68
2607,42.66,23.319,95079.88,20.03,64.13
3472,42.669,23.318,94254.55,24.82,56.06
2216,42.664,23.373,95523.34,16.83,74.88
2232,42.685,23.301,94879.55,36.02,30.72
3096,42.7,23.36,95432.14,27.93,41.78
2292,42.663,23.273,94925.11,24.57,35.97
3982,42.654,23.33,94993.75,22.84,0.0
3512,42.683,23.335,94402.06,18.89,78.51
2230,42.692,23.332,95490.52,30.39,31.83
2036,42.657,23.349,95077.6,25.85,40.09
3296,42.671,23.325,94668.22,19.32,53.2
2262,42.691,23.324,94333.05,19.12,76.07
3438,42.738,23.293,95833.18,22.55,53.49
3968,42.689,23.357,95445.7,28.27,32.89
3438,42.738,23.293,95832.95,26.42,35.45
3500,42.703,23.349,95466.83,22.1,70.69
3436,42.693,23.359,94158.17,25.89,55.71
3096,42.7,23.36,95657.55,26.33,31.68
3436,42.693,23.359,95471.61,26.52,31.49
2266,42.738,23.272,94640.7,16.59,93.36
2294,42.645,23.265,92478.17,32.46,35.83
2230,42.692,23.332,94802.95,28.39,33.13
2264,42.671,23.31,94106.64,23.16,60.58
2294,42.645,23.265,93210.26,21.37,58.04
1954,42.704,23.354,95114.52,28.19,37.98
2262,42.691,23.324,94300.39,20.04,71.86
3738,42.7,23.332,95253.7,31.62,24.61
3982,42.654,23.33,94770.49,24.05,0.0
3472,42.669,23.318,94509.92,32.3,29.4
3474,42.68,23.293,94988.75,20.45,59.43
3428,42.624,23.406,94693.41,31.33,36.21
3472,42.669,23.318,94901.34,30.86,28.56
2294,42.645,23.265,92489.88,21.59,60.92
1764,42.622,23.366,93775.23,21.48,67.75
3102,42.665,23.392,94199.36,30.18,41.76
1952,42.709,23.398,96107.0,24.78,46.41
2262,42.691,23.324,94854.63,26.31,51.6
2264,42.671,23.31,95040.91,34.08,33.9
3296,42.671,23.325,94682.92,23.06,65.37
2294,42.645,23.265,92555.6,29.43,33.87
1962,42.69,23.324,95497.84,24.28,58.42
2224,42.651,23.335,94989.34,29.98,42.95
3428,42.624,23.406,94981.22,33.25,35.25
2036,42.657,23.349,94939.73,14.6,83.19
3474,42.68,23.293,95252.91,31.09,30.18
2294,42.645,23.265,92904.34,14.83,68.97
2224,42.651,23.335,94875.79,27.94,37.11
2040,42.686,23.351,117638.84,-145.12,100.0
3102,42.665,23.392,94938.1,23.24,46.65
1764,42.622,23.366,93332.91,16.88,83.66
2228,42.693,23.333,95499.78,26.02,42.87
3438,42.738,23.293,95181.39,24.07,42.9
2294,42.645,23.265,93143.23,41.07,17.7
3092,42.666,23.284,94792.43,38.73,18.91
2232,42.685,23.301,94536.69,24.77,54.39
3092,42.666,23.284,95038.7,28.75,0.0
4477,42.629,23.301,92638.66,23.98,47.73
2038,42.694,23.32,94933.37,25.53,50.9
2264,42.671,23.31,95028.51,20.94,56.62
1962,42.69,23.324,95528.77,23.73,48.13
1962,42.69,23.324,94357.84,19.72,74.93
3296,42.671,23.325,94467.02,24.55,56.15
3436,42.693,23.359,94718.33,31.45,29.04
3836,42.702,23.371,94705.73,17.83,85.79
2264,42.671,23.31,95000.16,24.44,46.33
2234,42.685,23.356,95677.47,20.12,63.03
2228,42.693,23.333,94433.91,18.57,74.71
3836,42.702,23.371,94708.05,16.94,92.33
3474,42.68,23.293,94032.41,21.54,69.79
4358,42.703,23.373,95243.19,23.93,43.78
3500,42.703,23.349,94450.04,19.41,75.45
3474,42.68,23.293,95120.05,21.85,56.17
2266,42.738,23.272,95842.61,22.62,50.71
1954,42.704,23.354,94855.67,16.61,65.11
2292,42.663,23.273,94869.6,18.69,60.73
2224,42.651,23.335,95037.11,19.98,56.57
2294,42.645,23.265,93144.59,34.18,24.76
2266,42.738,23.272,95917.94,16.24,78.2
1952,42.709,23.398,96183.27,14.64,76.21
2294,42.645,23.265,93099.92,19.23,57.54
1952,42.709,23.398,96003.09,25.68,41.08
2036,42.657,23.349,94355.56,18.71,71.97
3642,42.694,23.36,95147.77,32.16,34.43
3096,42.7,23.36,95591.84,31.26,27.67
3472,42.669,23.318,94581.74,26.73,56.25
1954,42.704,23.354,95746.34,25.55,40.21
2228,42.693,23.333,95596.84,27.51,36.39
1954,42.704,23.354,94861.91,34.52,18.93
3474,42.68,23.293,94845.66,20.31,61.78
1952,42.709,23.398,95651.55,30.25,39.63
3472,42.669,23.318,94532.05,35.35,32.11
3512,42.683,23.335,93990.31,30.93,37.87
3500,42.703,23.349,94945.05,33.29,34.18
3096,42.7,23.36,94804.33,37.61,17.68
3642,42.694,23.36,95342.58,38.59,20.04
2224,42.651,23.335,93945.09,29.73,36.95
1846,42.64,23.31,93042.08,24.59,49.49
3474,42.68,23.293,94693.85,25.84,37.63
2230,42.692,23.332,95363.5,20.67,63.8
3102,42.665,23.392,95374.78,34.25,30.42
1846,42.64,23.31,93544.87,19.21,59.28
1962,42.69,23.324,95745.44,17.0,75.38
2216,42.664,23.373,95357.28,29.28,27.43
4467,42.665,23.278,94351.23,25.38,37.72
4475,42.654,23.316,93552.58,27.78,49.09
3432,42.71,23.419,95731.39,18.95,72.34
2038,42.694,23.32,95475.31,27.05,47.57
3432,42.71,23.419,95462.66,33.28,40.45
3296,42.671,23.325,93922.37,30.87,32.42
2038,42.694,23.32,94526.83,23.95,49.35
3472,42.669,23.318,93661.8,29.04,41.6
2228,42.693,23.333,94866.16,30.84,33.14
2266,42.738,23.272,95664.7,26.43,51.27
3428,42.624,23.406,95005.66,31.06,41.53
3982,42.654,23.33,93900.26,28.89,0.0
3982,42.654,23.33,94944.39,22.59,0.0
2228,42.693,23.333,95206.37,30.2,30.64
2230,42.692,23.332,95551.18,26.9,37.11
4467,42.665,23.278,93823.68,24.21,46.88
3738,42.7,23.332,95537.7,22.92,50.83
2294,42.645,23.265,92402.3,27.09,42.4
3968,42.689,23.357,95426.37,17.49,72.27
1952,42.709,23.398,95294.19,26.19,41.43
3500,42.703,23.349,94413.78,22.45,71.03
3512,42.683,23.335,95487.32,30.31,41.32
3512,42.683,23.335,94716.22,34.17,30.29
2607,42.66,23.319,94357.28,32.03,39.31
3642,42.694,23.36,93998.83,25.62,47.01
2038,42.694,23.32,95017.03,25.9,54.62
2228,42.693,23.333,95782.65,18.41,77.79
1764,42.622,23.366,94341.66,25.93,43.24
3296,42.671,23.325,94977.2,19.47,67.03
2228,42.693,23.333,95307.91,25.18,47.35
3500,42.703,23.349,94477.23,17.58,81.29
3438,42.738,23.293,95544.0,23.45,74.96
3620,42.678,23.254,94873.58,34.81,39.26
3982,42.654,23.33,94743.94,33.5,0.0
4471,42.698,23.291,94957.21,35.02,20.47
4467,42.665,23.278,94361.89,25.89,38.27
2036,42.657,23.349,94399.67,18.29,60.82
3474,42.68,23.293,95409.31,18.85,67.05
3642,42.694,23.36,94855.7,24.86,54.06
2224,42.651,23.335,95061.23,29.58,30.03
3092,42.666,23.284,95111.41,32.6,0.0
3328,42.675,23.356,95192.59,33.96,23.3
2264,42.671,23.31,94686.22,28.48,48.63
2264,42.671,23.31,95494.31,29.35,36.79
3500,42.703,23.349,95758.17,20.25,76.62
2266,42.738,23.272,95908.55,31.08,31.24
1846,42.64,23.31,93916.54,18.43,77.41
1764,42.622,23.366,93341.32,28.49,40.06
2232,42.685,23.301,94928.75,37.55,29.31
2232,42.685,23.301,95274.48,30.65,29.95
2224,42.651,23.335,94697.92,33.63,33.87
1962,42.69,23.324,94287.83,23.29,62.63
2323,42.686,23.4,94492.19,19.5,74.63
3102,42.665,23.392,94801.39,41.32,10.59
2228,42.693,23.333,95448.81,18.84,67.87
3642,42.694,23.36,95129.08,17.14,69.84
4358,42.703,23.373,94662.06,22.7,64.11
3982,42.654,23.33,93856.79,21.85,0.0
1846,42.64,23.31,94075.61,20.93,69.15
2230,42.692,23.332,94477.11,20.1,73.5
2262,42.691,23.324,94278.21,29.29,44.56
3432,42.71,23.419,95901.23,35.08,27.29
2266,42.738,23.272,94756.84,18.75,79.78
2036,42.657,23.349,94871.66,27.81,41.34
3102,42.665,23.392,94915.16,30.12,37.16
3102,42.665,23.392,95617.01,40.15,19.36
1952,42.709,23.398,95724.62,23.86,53.75
3432,42.71,23.419,95641.44,19.89,66.43
1954,42.704,23.354,95100.06,38.96,22.34
2230,42.692,23.332,95572.26,24.31,58.68
3432,42.71,23.419,95094.23,33.22,27.78
2607,42.66,23.319,94954.34,31.17,28.77
3096,42.7,23.36,95021.25,32.62,34.37
3436,42.693,23.359,95210.36,20.15,63.02
3982,42.654,23.33,95251.28,17.15,0.0
3512,42.683,23.335,95318.22,20.54,81.12
3836,42.702,23.371,95860.05,24.87,49.63
2607,42.66,23.319,95167.27,26.41,38.4
3836,42.702,23.371,95547.83,36.93,18.96
3474,42.68,23.293,95161.41,25.01,42.45
2216,42.664,23.373,95482.25,33.74,33.37
3836,42.702,23.371,96035.46,22.53,55.15
1952,42.709,23.398,95952.88,20.76,55.19
2323,42.686,23.4,95513.47,26.74,47.06
2294,42.645,23.265,92158.27,18.43,85.34
3096,42.7,23.36,95347.34,22.89,52.79
3432,42.71,23.419,95719.25,17.12,85.59
4471,42.698,23.291,94951.72,34.63,20.12
2228,42.693,23.333,95818.19,17.03,69.34
3620,42.678,23.254,94275.53,31.21,41.34
2607,42.66,23.319,95106.72,17.42,73.56
3512,42.683,23.335,95234.2,31.6,40.79
3096,42.7,23.36,94904.8,30.51,40.06
3968,42.689,23.357,94619.05,25.79,44.37
3432,42.71,23.419,94989.08,18.44,89.12
4358,42.703,23.373,95536.86,20.14,65.58
3436,42.693,23.359,95550.67,19.07,65.14
2228,42.693,23.333,95456.3,24.22,52.95
3096,42.7,23.36,94870.56,36.74,23.23
1954,42.704,23.354,95166.17,39.91,21.43
3474,42.68,23.293,95103.28,31.66,37.96
2607,42.66,23.319,93865.14,31.9,32.67
3620,42.678,23.254,95073.91,21.56,55.38
4475,42.654,23.316,93794.91,17.47,83.46
1962,42.69,23.324,95290.3,19.63,77.37
2262,42.691,23.324,95382.88,16.85,78.74
2040,42.686,23.351,117638.84,-145.12,100.0
3102,42.665,23.392,95002.03,18.64,59.24
3474,42.68,23.293,95130.87,27.93,46.21
2607,42.66,23.319,94265.25,23.77,46.07
1962,42.69,23.324,95438.08,32.6,25.28
2038,42.694,23.32,94977.52,26.06,36.23
3474,42.68,23.293,94594.15,31.0,27.81
3472,42.669,23.318,94041.36,18.42,56.68
3092,42.666,23.284,94362.41,31.47,0.0
3438,42.738,23.293,95685.3,23.55,48.08
3500,42.703,23.349,95758.13,24.09,47.48
2224,42.651,23.335,94991.31,15.79,77.26
2607,42.66,23.319,94862.83,32.45,38.38
3102,42.665,23.392,94826.78,28.3,41.57
3642,42.694,23.36,94747.72,29.34,43.85
4477,42.629,23.301,92661.77,30.48,29.51
3620,42.678,23.254,94946.73,23.04,62.08
3432,42.71,23.419,95899.39,35.72,28.29
2264,42.671,23.31,95202.38,22.2,60.18
3474,42.68,23.293,95041.1,27.52,35.79
3620,42.678,23.254,94279.36,31.22,42.67
3738,42.7,23.332,95518.33,27.16,43.44
1962,42.69,23.324,95257.25,16.79,81.53
2323,42.686,23.4,95468.22,29.79,42.18
3428,42.624,23.406,94592.41,34.3,35.06
1846,42.64,23.31,93978.95,39.27,22.45
2294,42.645,23.265,92957.12,24.54,62.45
1954,42.704,23.354,95502.2,35.32,30.72
1954,42.704,23.354,95244.8,29.65,45.62
2234,42.685,23.356,94751.42,37.21,22.88
2294,42.645,23.265,92569.22,24.72,42.33
1846,42.64,23.31,94143.44,22.4,67.06
1954,42.704,23.354,95444.78,21.82,65.86
3092,42.666,23.284,94948.81,20.22,67.13
3512,42.683,23.335,95622.02,26.1,37.77
4479,42.675,23.24,93638.66,24.31,40.45
1952,42.709,23.398,95826.83,19.42,67.86
3982,42.654,23.33,95072.11,22.22,0.0
2216,42.664,23.373,94754.12,34.75,25.76
2292,42.663,23.273,94584.91,38.21,28.58
3092,42.666,23.284,95241.61,14.89,0.0
2224,42.651,23.335,94708.53,17.07,77.55
3096,42.7,23.36,94890.42,18.94,58.65
2323,42.686,23.4,94800.34,35.49,25.8
2262,42.691,23.324,94355.81,30.26,36.31
1962,42.69,23.324,95606.19,24.55,49.57
2292,42.663,23.273,94605.43,30.18,45.25
1954,42.704,23.354,95387.31,25.45,46.38
3836,42.702,23.371,96107.7,15.86,81.59
2294,42.645,23.265,93219.02,22.2,55.17
1962,42.69,23.324,95200.26,24.75,59.83
3474,42.68,23.293,95033.98,26.71,38.85
2294,42.645,23.265,93084.38,20.44,59.38
2262,42.691,23.324,95363.09,16.36,78.07
2323,42.686,23.4,95985.67,23.34,46.73
3096,42.7,23.36,95435.68,25.74,57.56
3296,42.671,23.325,94393.31,34.4,30.62
3436,42.693,23.359,95355.35,18.69,65.11
4608,42.708,23.308,95687.26,28.88,39.46
3092,42.666,23.284,94004.32,18.8,58.43
3620,42.678,23.254,94879.48,30.18,39.57
1764,42.622,23.366,94245.14,20.99,62.87
3438,42.738,23.293,94927.94,37.42,20.19
3738,42.7,23.332,95431.95,21.51,55.1
3500,42.703,23.349,94210.09,27.36,52.02
2262,42.691,23.324,95126.88,32.06,39.68
3296,42.671,23.325,94322.7,22.75,40.39
1764,42.622,23.366,93876.23,17.47,64.6
3296,42.671,23.325,94755.08,17.77,66.34
3836,42.702,23.371,96055.36,17.92,81.37
2262,42.691,23.324,95086.22,34.34,30.9
2232,42.685,23.301,95483.78,19.44,56.25
2262,42.691,23.324,95693.73,25.54,34.45
4358,42.703,23.373,94686.22,24.95,49.11
2266,42.738,23.272,96058.01,16.29,80.42
4358,42.703,23.373,95634.54,21.38,63.03
3432,42.71,23.419,95937.62,23.29,56.87
2234,42.685,23.356,95059.22,22.08,58.08
3438,42.738,23.293,95742.55,31.44,27.96
3836,42.702,23.371,95709.64,17.84,79.05
3436,42.693,23.359,94823.68,19.61,58.97
3436,42.693,23.359,95660.71,24.38,49.4
3428,42.624,23.406,93854.77,33.23,38.73
1952,42.709,23.398,95717.77,16.01,75.43
4473,42.625,23.321,93368.34,21.44,59.94
2294,42.645,23.265,91960.3,16.63,76.42
2216,42.664,23.373,95638.44,25.9,40.53
2234,42.685,23.356,94369.56,36.18,23.19
3512,42.683,23.335,95669.6,18.18,77.68
2264,42.671,23.31,94099.03,23.42,64.55
3432,42.71,23.419,94874.73,22.93,54.96
3500,42.703,23.349,94493.41,26.16,52.83
3474,42.68,23.293,94896.26,21.8,50.95
2230,42.692,23.332,95698.62,21.0,61.53
3096,42.7,23.36,94686.47,26.9,49.7
3472,42.669,23.318,94702.42,25.62,44.0
3102,42.665,23.392,94458.02,33.62,26.85
3642,42.694,23.36,95590.23,16.3,74.41
3558,42.671,23.364,94488.48,36.84,20.07
3092,42.666,23.284,95163.44,26.69,0.0
3558,42.671,23.364,95426.67,21.21,56.8
2038,42.694,23.32,94429.23,29.49,42.95
2323,42.686,23.4,94321.23,24.39,60.42
1952,42.709,23.398,94952.52,33.65,30.65
4558,42.706,23.38,95711.97,35.62,23.14
2266,42.738,23.272,95227.75,30.63,34.09
3512,42.683,23.335,95557.47,26.33,41.42
2230,42.692,23.332,95020.88,21.72,54.25
3102,42.665,23.392,94600.91,22.69,56.97
2234,42.685,23.356,94763.85,22.32,45.0
2264,42.671,23.31,95023.05,37.47,25.4
4473,42.625,23.321,92608.16,16.78,62.8
3558,42.671,23.364,95287.99,24.21,46.94
3438,42.738,23.293,94507.19,38.6,23.08
4358,42.703,23.373,94583.08,35.24,34.71
2607,42.66,23.319,95206.55,17.51,76.95
2040,42.686,23.351,117638.84,-145.12,100.0
2228,42.693,23.333,95325.83,17.31,74.75
3472,42.669,23.318,94837.31,36.02,17.82
1962,42.69,23.324,94573.41,36.08,26.68
2264,42.671,23.31,94455.11,20.41,75.58
2266,42.738,23.272,96032.64,20.41,62.19
4469,42.665,23.293,94938.97,33.45,30.67
3500,42.703,23.349,95036.09,44.89,11.83
2262,42.691,23.324,94702.47,17.01,63.05
3512,42.683,23.335,95562.81,23.18,45.98
1846,42.64,23.31,93855.89,18.01,64.04
1846,42.64,23.31,94370.86,18.63,63.38
3512,42.683,23.335,94331.52,20.31,75.45
3620,42.678,23.254,94396.14,23.83,68.24
3432,42.71,23.419,95346.49,35.61,22.07
2228,42.693,23.333,95189.13,22.71,41.91
3092,42.666,23.284,94251.73,21.63,49.73
3558,42.671,23.364,94989.38,20.84,55.81
2266,42.738,23.272,95564.94,22.81,76.46
2038,42.694,23.32,94777.11,19.91,52.99
3474,42.68,23.293,94459.31,30.02,35.93
1962,42.69,23.324,94314.8,43.76,23.96
3096,42.7,23.36,95974.59,22.05,55.38
2230,42.692,23.332,95054.08,24.35,43.64
3436,42.693,23.359,95399.56,33.94,24.52
2224,42.651,23.335,95059.86,19.54,58.99
2607,42.66,23.319,94623.46,31.7,31.89
4479,42.675,23.24,93692.05,23.98,42.22
2230,42.692,23.332,94894.64,24.47,57.46
3096,42.7,23.36,95554.36,29.77,30.94
1846,42.64,23.31,94372.92,14.23,77.1
3500,42.703,23.349,95543.53,42.52,14.82
3500,42.703,23.349,94703.67,45.33,14.3
1962,42.69,23.324,94674.48,18.82,56.5
2264,42.671,23.31,94171.24,30.28,35.79
3296,42.671,23.325,94674.88,22.92,39.79
3642,42.694,23.36,95351.89,20.69,78.98
3836,42.702,23.371,95701.8,25.25,53.33
1850,42.677,23.311,95513.06,18.94,70.28
3836,42.702,23.371,95545.64,20.09,63.47
2323,42.686,23.4,94332.2,22.57,57.47
2224,42.651,23.335,94961.73,23.8,48.15
2216,42.664,23.373,94251.23,23.68,53.78
3512,42.683,23.335,95365.52,42.8,21.33
2224,42.651,23.335,94610.61,31.88,34.41
1954,42.704,23.354,95714.19,32.08,27.21
2230,42.692,23.332,95464.13,25.7,64.52
3620,42.678,23.254,94811.45,24.02,56.69
3982,42.654,23.33,94927.73,21.06,0.0
2323,42.686,23.4,95395.95,34.63,23.22
3432,42.71,23.419,95515.41,34.48,28.22
2038,42.694,23.32,94772.89,20.06,53.21
3474,42.68,23.293,95261.38,24.43,50.21
2262,42.691,23.324,95648.55,27.14,39.95
3500,42.703,23.349,95711.45,40.35,17.08
3436,42.693,23.359,95089.91,31.81,26.13
3474,42.68,23.293,95061.16,30.65,30.5
2262,42.691,23.324,95377.73,30.41,31.61
2234,42.685,23.356,94921.28,23.68,54.15
4471,42.698,23.291,94815.23,17.05,65.66
2036,42.657,23.349,95137.19,26.42,37.46
2216,42.664,23.373,94657.44,29.63,34.93
2230,42.692,23.332,95529.86,30.04,39.35
3500,42.703,23.349,95383.56,23.44,52.09
3438,42.738,23.293,95281.22,21.09,62.71
1954,42.704,23.354,94520.91,25.38,50.6
3474,42.68,23.293,94532.17,19.42,73.78
2036,42.657,23.349,94905.77,33.2,29.56
1954,42.704,23.354,95795.69,29.62,28.93
3432,42.71,23.419,95013.3,18.39,91.16
1764,42.622,23.366,93622.52,16.79,66.85
4558,42.706,23.38,95893.98,27.55,37.71
3436,42.693,23.359,95144.77,33.41,24.93
2230,42.692,23.332,95249.73,21.96,56.22
2266,42.738,23.272,94554.11,26.14,59.25
3738,42.7,23.332,94865.19,38.75,16.49
2228,42.693,23.333,94813.05,31.36,36.59
3428,42.624,23.406,95013.55,30.64,42.81
1952,42.709,23.398,95296.23,36.35,23.07
3428,42.624,23.406,95022.73,20.44,68.34
3102,42.665,23.392,95290.24,36.34,18.39
3432,42.71,23.419,95703.84,22.34,67.46
1962,42.69,23.324,95141.62,20.33,51.47
2294,42.645,23.265,92574.47,25.02,38.8
1850,42.677,23.311,94699.44,26.57,43.7
3620,42.678,23.254,94691.83,36.45,36.8
3982,42.654,23.33,94947.67,25.59,0.0
2234,42.685,23.356,95538.91,23.51,54.58
3092,42.666,23.284,94209.29,34.59,0.0
3500,42.703,23.349,95631.78,45.91,11.24
4469,42.665,23.293,94903.82,26.6,42.84
1846,42.64,23.31,94118.19,20.01,73.57
3096,42.7,23.36,95415.13,35.25,21.16
2230,42.692,23.332,95534.64,24.99,57.1
3982,42.654,23.33,94688.76,38.4,0.0
3092,42.666,23.284,94403.81,26.37,0.0
3472,42.669,23.318,93730.09,19.29,70.06
3982,42.654,23.33,93856.95,34.99,0.0
2224,42.651,23.335,93676.96,26.32,48.42
2264,42.671,23.31,95298.78,27.34,39.23
2262,42.691,23.324,94800.23,34.74,23.69
3432,42.71,23.419,95868.55,21.63,57.17
3558,42.671,23.364,94523.88,39.58,13.41
3512,42.683,23.335,95333.61,26.15,47.61
2262,42.691,23.324,94813.03,17.94,63.38
1952,42.709,23.398,95811.69,23.28,59.85
2232,42.685,23.301,95060.66,34.08,31.88
2224,42.651,23.335,94758.52,24.07,52.34
3296,42.671,23.325,94251.83,29.33,31.48
2262,42.691,23.324,94813.36,21.55,49.97
2294,42.645,23.265,91991.67,15.58,81.83
4473,42.625,23.321,93031.47,21.64,49.91
3438,42.738,23.293,94982.73,28.61,37.44
3968,42.689,23.357,95056.52,29.37,42.21
3982,42.654,23.33,94491.32,21.75,0.0
1764,42.622,23.366,94403.02,23.58,51.13
2294,42.645,23.265,92762.4,20.47,46.47
1952,42.709,23.398,95640.34,24.76,49.41
3738,42.7,23.332,95707.43,31.44,32.51
3472,42.669,23.318,94853.99,25.07,53.66
2230,42.692,23.332,95125.7,26.54,56.46
1850,42.677,23.311,95068.6,23.91,63.89
1850,42.677,23.311,95272.29,19.88,76.71
2266,42.738,23.272,94845.06,17.31,94.6
1846,42.64,23.31,94362.78,19.36,61.13
3982,42.654,23.33,94804.16,24.06,0.0
2266,42.738,23.272,96066.67,31.62,32.11
3428,42.624,23.406,95123.05,25.8,51.54
2262,42.691,23.324,95625.79,27.45,38.16
1954,42.704,23.354,94877.53,35.97,29.76
3738,42.7,23.332,95618.73,25.7,47.87
2230,42.692,23.332,95693.5,24.66,45.79
2234,42.685,23.356,94864.52,29.78,37.91
3296,42.671,23.325,95153.23,28.43,35.13
2294,42.645,23.265,92515.87,27.8,48.82
2262,42.691,23.324,94439.16,17.97,74.34
2216,42.664,23.373,95412.86,21.95,51.01
3642,42.694,23.36,95217.29,29.14,35.66
3472,42.669,23.318,94613.54,26.93,37.77
1846,42.64,23.31,93501.48,48.1,13.51
3092,42.666,23.284,95121.59,16.23,0.0
2232,42.685,23.301,95050.23,29.73,36.78
3092,42.666,23.284,94968.8,21.24,0.0
2234,42.685,23.356,95082.86,21.88,58.41
3296,42.671,23.325,94409.77,22.57,59.91
3438,42.738,23.293,95450.31,20.51,87.12
3428,42.624,23.406,95287.16,28.82,33.72
1764,42.622,23.366,93969.3,34.48,23.61
1962,42.69,23.324,94433.17,17.11,81.94
3738,42.7,23.332,94705.88,32.22,37.53
2262,42.691,23.324,95010.27,22.86,47.12
2230,42.692,23.332,95246.57,25.53,55.76
3500,42.703,23.349,95767.44,19.03,78.15
2607,42.66,23.319,94703.52,15.05,86.0
2266,42.738,23.272,95132.02,22.68,66.05
2036,42.657,23.349,94524.3,16.02,92.01
3432,42.71,23.419,94813.52,26.72,46.16
3500,42.703,23.349,95413.17,27.25,42.87
2038,42.694,23.32,95267.58,28.6,45.34
3474,42.68,23.293,94832.47,30.24,27.56
3438,42.738,23.293,95773.22,22.32,62.0
3836,42.702,23.371,95923.56,22.3,58.76
3432,42.71,23.419,95899.2,17.31,76.04
2262,42.691,23.324,94732.39,23.61,58.72
2292,42.663,23.273,94476.83,21.63,45.63
2224,42.651,23.335,94966.48,26.45,37.29
2232,42.685,23.301,95124.52,17.61,70.45
2040,42.686,23.351,117638.84,-145.12,100.0
2232,42.685,23.301,94454.02,19.4,53.14
3642,42.694,23.36,93958.92,33.68,37.63
3836,42.702,23.371,95574.99,40.77,16.81
3432,42.71,23.419,95006.77,19.43,58.64
2292,42.663,23.273,95154.84,21.85,44.45
2607,42.66,23.319,94581.75,22.18,49.14
2040,42.686,23.351,95573.84,16.35,80.35
3500,42.703,23.349,94665.74,18.43,87.9
2228,42.693,23.333,94611.45,17.33,90.19
3738,42.7,23.332,95567.2,24.02,50.44
3428,42.624,23.406,95044.23,23.11,53.65
4477,42.629,23.301,92779.11,20.95,59.13
1764,42.622,23.366,93462.34,30.71,44.39
2038,42.694,23.32,94774.91,32.15,35.46
2607,42.66,23.319,95094.37,16.04,70.41
2264,42.671,23.31,95299.34,21.54,54.96
3472,42.669,23.318,95017.68,24.32,45.02
2216,42.664,23.373,95126.28,28.5,44.99
3472,42.669,23.318,93725.81,20.94,69.72
2230,42.692,23.332,95437.96,27.4,39.21
1850,42.677,23.311,95614.87,16.33,72.32
3328,42.675,23.356,94655.02,39.72,15.39
4358,42.703,23.373,95571.45,15.06,83.78
1952,42.709,23.398,94633.19,26.41,69.37
1846,42.64,23.31,93928.59,21.89,60.81
3428,42.624,23.406,94094.34,20.43,66.67
3472,42.669,23.318,94555.22,18.22,60.09
3474,42.68,23.293,94844.02,31.86,26.54
3102,42.665,23.392,95213.22,21.77,41.89
3512,42.683,23.335,94831.97,34.33,30.36
2262,42.691,23.324,95384.5,24.45,49.2
2264,42.671,23.31,95289.26,20.47,54.94
3474,42.68,23.293,94638.97,24.32,41.06
3096,42.7,23.36,95839.02,23.64,50.63
3436,42.693,23.359,94425.64,25.32,46.99
3472,42.669,23.318,94870.27,19.52,59.42
2230,42.692,23.332,94449.94,20.77,72.75
2216,42.664,23.373,94649.87,32.65,31.42
1764,42.622,23.366,94256.18,34.75,29.66
1954,42.704,23.354,95495.02,27.65,35.71
3092,42.666,23.284,94306.69,34.09,0.0
3096,42.7,23.36,95495.23,21.61,66.05
1952,42.709,23.398,95517.43,18.8,55.75
4469,42.665,23.293,94890.78,32.53,33.07
2232,42.685,23.301,95281.2,23.94,45.07
1952,42.709,23.398,95521.3,20.74,69.78
3472,42.669,23.318,94727.0,19.73,61.31
3096,42.7,23.36,95355.27,22.65,53.76
2292,42.663,23.273,94007.06,30.88,32.24
3102,42.665,23.392,94471.98,19.42,75.41
1962,42.69,23.324,95130.77,22.39,43.02
3296,42.671,23.325,94386.04,21.88,50.42
2038,42.694,23.32,94847.14,26.76,35.69
2224,42.651,23.335,95260.56,18.34,59.29
2234,42.685,23.356,95068.06,17.16,81.63
3096,42.7,23.36,95811.95,20.96,59.04
2294,42.645,23.265,93213.51,20.02,68.36
3096,42.7,23.36,95298.99,30.76,24.78
2216,42.664,23.373,94672.02,30.94,40.39
1764,42.622,23.366,94678.41,14.54,84.06
2294,42.645,23.265,93271.63,18.82,64.43
1846,42.64,23.31,94089.1,14.69,89.51
3558,42.671,23.364,94314.9,24.89,45.55
2262,42.691,23.324,94718.89,16.65,65.41
3474,42.68,23.293,95214.91,21.09,52.75
2323,42.686,23.4,95030.41,25.97,45.4
4469,42.665,23.293,94517.41,24.12,43.96
2038,42.694,23.32,95194.5,25.38,45.24
2234,42.685,23.356,95584.67,22.43,52.08
3428,42.624,23.406,95032.3,24.0,53.16
3836,42.702,23.371,95252.48,22.88,78.93
3968,42.689,23.357,95426.64,26.37,41.59
3474,42.68,23.293,95283.99,19.75,65.0
2294,42.645,23.265,93186.69,17.54,75.93
4469,42.665,23.293,93304.14,30.5,35.81
3296,42.671,23.325,94866.31,35.76,24.06
3836,42.702,23.371,95842.86,35.58,21.0
2038,42.694,23.32,95462.92,32.88,25.84
4469,42.665,23.293,94152.73,25.49,39.75
2224,42.651,23.335,94894.67,30.82,30.23
2264,42.671,23.31,95197.28,35.09,26.38
3472,42.669,23.318,94673.89,30.21,30.69
2228,42.693,23.333,95434.66,31.13,29.26
1850,42.677,23.311,95021.83,22.79,68.17
1850,42.677,23.311,94658.24,30.7,38.01
3836,42.702,23.371,96125.7,14.13,86.29
2230,42.692,23.332,95309.91,31.89,43.13
3982,42.654,23.33,95107.48,18.24,0.0
2294,42.645,23.265,93078.26,25.06,52.88
2234,42.685,23.356,94572.39,18.86,81.57
2294,42.645,23.265,92810.72,36.04,28.71
3096,42.7,23.36,95496.28,28.7,42.47
1962,42.69,23.324,94528.53,21.29,64.04
2216,42.664,23.373,93954.58,28.79,53.25
2292,42.663,23.273,94066.07,30.89,35.11
3438,42.738,23.293,95532.66,19.64,80.28
4358,42.703,23.373,95593.27,30.71,29.91
2036,42.657,23.349,94175.75,16.67,91.0
3620,42.678,23.254,94981.98,30.07,35.79
2036,42.657,23.349,95336.44,11.97,88.25
1962,42.69,23.324,94089.8,28.37,48.52
1764,42.622,23.366,94699.23,16.09,65.59
2036,42.657,23.349,94652.74,21.3,50.73
3472,42.669,23.318,94726.8,23.04,63.48
1952,42.709,23.398,96135.0,19.79,77.19
1952,42.709,23.398,94961.05,20.67,50.83
3642,42.694,23.36,95254.51,20.78,62.8
3512,42.683,23.335,94823.41,25.15,56.05
3642,42.694,23.36,94288.52,24.49,48.14
3436,42.693,23.359,95523.12,25.79,44.5
1962,42.69,23.324,95306.59,41.69,18.33
3438,42.738,23.293,95004.06,26.47,50.19
3474,42.68,23.293,95287.05,28.11,41.31
3474,42.68,23.293,94960.45,25.62,46.4
3620,42.678,23.254,95140.21,17.02,95.5
3438,42.738,23.293,95260.22,22.37,57.52
4467,42.665,23.278,94147.81,20.69,53.18
3472,42.669,23.318,94709.48,16.43,77.87
3982,42.654,23.33,95107.7,22.53,0.0
1962,42.69,23.324,95415.34,21.78,70.33
3092,42.666,23.284,95233.76,25.97,0.0
4608,42.708,23.308,95491.69,30.6,31.99
2038,42.694,23.32,95728.7,19.47,59.94
2230,42.692,23.332,95357.47,20.24,61.79
2228,42.693,23.333,94869.42,29.67,39.55
2323,42.686,23.4,95039.36,24.9,50.15
3512,42.683,23.335,95459.37,26.88,34.43
1962,42.69,23.324,94692.64,28.48,42.03
2038,42.694,23.32,95354.34,27.26,54.68
3436,42.693,23.359,95504.54,25.81,31.71
3836,42.702,23.371,95109.17,25.15,39.34
2228,42.693,23.333,94797.28,29.18,37.06
3738,42.7,23.332,95841.84,20.73,57.56
2264,42.671,23.31,95297.47,30.07,30.6
3092,42.666,23.284,93802.08,26.28,0.0
2036,42.657,23.349,95148.41,17.98,74.99
3642,42.694,23.36,95287.9,39.04,21.99
2230,42.692,23.332,95435.22,20.04,65.97
3102,42.665,23.392,95443.19,33.46,23.06
2228,42.693,23.333,95757.44,21.98,54.58
3512,42.683,23.335,94151.27,28.76,38.31
3738,42.7,23.332,95846.26,30.74,25.79
2294,42.645,23.265,92935.33,33.41,33.51
2264,42.671,23.31,95128.99,22.65,58.67
2230,42.692,23.332,95628.96,27.02,35.57
3620,42.678,23.254,94256.67,22.27,68.3
3432,42.71,23.419,94758.7,16.69,90.35
3428,42.624,23.406,94578.22,33.25,35.92
3438,42.738,23.293,95688.47,21.11,59.57
2266,42.738,23.272,95130.45,26.92,44.43
3102,42.665,23.392,95174.88,33.38,35.77
2040,42.686,23.351,117638.84,-145.12,100.0
2234,42.685,23.356,95242.47,20.38,71.53
2224,42.651,23.335,94659.55,20.8,56.54
3474,42.68,23.293,94626.15,30.77,25.75
2038,42.694,23.32,94153.34,25.79,55.44
3620,42.678,23.254,94917.69,17.8,68.75
3428,42.624,23.406,94358.3,21.25,65.9
1846,42.64,23.31,93929.61,20.37,50.33
4467,42.665,23.278,94977.52,20.48,67.02
3432,42.71,23.419,94705.91,21.2,80.51
3436,42.693,23.359,95287.17,39.67,18.9
2224,42.651,23.335,94324.98,26.81,41.11
3982,42.654,23.33,94511.83,29.0,0.0
3982,42.654,23.33,93916.09,24.59,0.0
3474,42.68,23.293,94523.13,22.23,48.48
3102,42.665,23.392,95224.72,36.19,28.25
1850,42.677,23.311,95312.73,24.98,38.28
4477,42.629,23.301,91230.63,26.92,46.8
1846,42.64,23.31,94224.74,24.95,43.58
2036,42.657,23.349,94760.02,23.57,48.96
2230,42.692,23.332,95343.14,20.73,62.65
3982,42.654,23.33,94875.64,16.9,0.0
2294,42.645,23.265,92388.55,28.98,33.68
3512,42.683,23.335,94743.84,28.52,46.23
1952,42.709,23.398,96081.52,21.1,60.39
1846,42.64,23.31,93538.98,23.47,57.15
3438,42.738,23.293,95495.52,17.24,75.25
2294,42.645,23.265,92836.57,20.03,55.4
3738,42.7,23.332,94511.28,22.55,69.32
1764,42.622,23.366,94110.48,31.97,31.88
3512,42.683,23.335,95670.11,25.82,42.65
4469,42.665,23.293,94859.98,31.44,34.9
3474,42.68,23.293,93779.41,24.35,61.39
3558,42.671,23.364,94276.4,38.26,19.94
3738,42.7,23.332,95005.94,18.05,61.25
2228,42.693,23.333,95427.12,16.4,77.75
3102,42.665,23.392,94949.13,40.37,20.5
2230,42.692,23.332,94420.89,21.05,74.22
3096,42.7,23.36,95246.12,22.18,62.32
3096,42.7,23.36,95911.03,22.29,54.67
3432,42.71,23.419,95038.09,18.87,62.64
1954,42.704,23.354,94450.75,32.56,36.42
3474,42.68,23.293,94538.68,32.03,27.07
2232,42.685,23.301,94426.27,18.46,79.04
3436,42.693,23.359,93985.61,28.21,39.35
2292,42.663,23.273,95068.75,16.46,86.13
1850,42.677,23.311,94584.86,27.7,34.98
1850,42.677,23.311,95309.0,25.43,43.14
2038,42.694,23.32,94423.56,23.41,60.38
3836,42.702,23.371,95616.82,34.85,21.5
3738,42.7,23.332,94909.25,35.02,27.08
2294,42.645,23.265,93087.59,19.78,58.77
3620,42.678,23.254,93998.25,32.1,35.98
4467,42.665,23.278,95034.42,21.29,65.65
1850,42.677,23.311,95292.75,15.62,81.16
2228,42.693,23.333,95649.28,28.56,30.49
2607,42.66,23.319,95062.66,20.0,53.27
2036,42.657,23.349,94689.77,20.73,46.04
2607,42.66,23.319,93652.91,27.3,42.8
3438,42.738,23.293,95030.83,23.46,63.39
3500,42.703,23.349,95480.27,37.32,19.41
2323,42.686,23.4,95622.22,30.02,42.91
1764,42.622,23.366,94229.08,31.69,34.67
3432,42.71,23.419,96050.3,31.15,27.51
2294,42.645,23.265,93022.74,21.09,58.79
2232,42.685,23.301,94457.11,19.66,52.58
2232,42.685,23.301,94755.33,22.16,59.38
3102,42.665,23.392,95574.2,20.24,53.5
1952,42.709,23.398,95675.73,21.41,74.93
3432,42.71,23.419,95780.23,18.45,75.39
2224,42.651,23.335,94940.67,16.89,74.21
3558,42.671,23.364,94386.13,17.4,90.58
3512,42.683,23.335,95307.03,29.75,37.1
2264,42.671,23.31,95138.98,28.23,38.08
1954,42.704,23.354,95292.17,37.93,27.7
2038,42.694,23.32,95524.84,24.58,47.77
2232,42.685,23.301,95130.92,25.35,54.76
2262,42.691,23.324,95259.52,20.63,72.26
2294,42.645,23.265,92535.41,24.12,47.19
3620,42.678,23.254,93985.13,22.7,72.57
3438,42.738,23.293,94457.11,32.18,39.77
3500,42.703,23.349,95397.25,26.5,44.58
1962,42.69,23.324,95376.5,17.21,72.08
2036,42.657,23.349,95206.51,25.6,34.55
2036,42.657,23.349,95094.63,19.24,67.21
3836,42.702,23.371,96175.86,20.64,58.87
2232,42.685,23.301,94876.35,25.24,57.22
3092,42.666,23.284,94620.77,33.66,0.0
3836,42.702,23.371,95734.94,19.65,68.13
2262,42.691,23.324,95152.19,27.15,43.48
2266,42.738,23.272,95052.44,18.93,85.5
2038,42.694,23.32,94435.03,21.5,64.41
3982,42.654,23.33,94800.42,19.81,0.0
1850,42.677,23.311,95251.01,26.31,45.72
2323,42.686,23.4,95290.22,24.11,49.82
2224,42.651,23.335,93879.55,30.74,34.89
3620,42.678,23.254,94971.05,26.65,46.32
3620,42.678,23.254,94110.8,38.46,24.79
1952,42.709,23.398,95481.5,31.68,30.85
2228,42.693,23.333,95661.67,24.23,48.27
1952,42.709,23.398,95662.55,32.76,28.45
2036,42.657,23.349,94692.38,20.57,46.35
1952,42.709,23.398,95312.7,27.58,34.63
3092,42.666,23.284,94381.7,26.0,0.0
1850,42.677,23.311,95650.13,18.35,61.84
2216,42.664,23.373,94820.02,24.36,43.06
3432,42.71,23.419,95617.63,17.71,83.08
3642,42.694,23.36,95614.7,19.83,62.47
2323,42.686,23.4,95517.56,25.95,50.71
2216,42.664,23.373,94195.81,20.16,82.3
4471,42.698,23.291,94306.08,21.93,76.19
2323,42.686,23.4,95674.13,18.49,65.77
2216,42.664,23.373,95157.88,19.5,83.34
1962,42.69,23.324,95134.81,21.89,60.59
2216,42.664,23.373,95379.86,31.41,27.37
3428,42.624,23.406,95035.34,25.26,48.72
3096,42.7,23.36,95923.66,20.23,61.61
2216,42.664,23.373,94920.16,33.19,38.19
3428,42.624,23.406,94107.72,30.47,43.64
4467,42.665,23.278,93592.2,25.74,52.35
3438,42.738,23.293,95282.91,20.54,61.18
2228,42.693,23.333,95340.42,24.77,63.6
3428,42.624,23.406,95015.09,33.29,35.96
2038,42.694,23.32,95459.95,27.25,46.52
2230,42.692,23.332,95432.66,22.24,58.67
2264,42.671,23.31,94964.52,24.68,63.14
3472,42.669,23.318,94874.8,32.47,27.66
3512,42.683,23.335,95373.84,33.7,35.87
3474,42.68,23.293,94506.42,33.83,29.54
2266,42.738,23.272,95826.34,20.39,60.87
2266,42.738,23.272,95478.57,32.1,35.71
3620,42.678,23.254,94268.11,22.87,55.14
2264,42.671,23.31,94591.75,23.76,59.55
2234,42.685,23.356,94282.02,20.87,73.98
3102,42.665,23.392,95519.19,31.07,33.11
3102,42.665,23.392,95574.14,33.89,18.42
2266,42.738,23.272,95846.11,21.57,60.95
3472,42.669,23.318,94329.82,23.6,50.52
3500,42.703,23.349,95647.14,22.52,57.8
3512,42.683,23.335,94855.47,28.49,36.32
2232,42.685,23.301,95009.42,18.87,67.36
2234,42.685,23.356,94899.66,38.54,16.96
3472,42.669,23.318,94793.34,24.39,52.73
2294,42.645,23.265,92933.31,13.86,90.89
1846,42.64,23.31,93399.41,25.36,41.68
2036,42.657,23.349,94832.8,36.76,23.8
3642,42.694,23.36,95254.66,15.17,81.52
4471,42.698,23.291,95444.2,28.04,39.33
2224,42.651,23.335,94376.02,28.05,37.84
2228,42.693,23.333,94539.59,23.13,46.58
1962,42.69,23.324,94835.17,22.98,45.11
2266,42.738,23.272,95335.54,26.04,46.18
1846,42.64,23.31,94310.67,33.63,30.9
3512,42.683,23.335,94613.53,39.44,18.29
3092,42.666,23.284,95247.02,22.88,0.0
2262,42.691,23.324,94812.98,27.11,39.6
2234,42.685,23.356,95348.02,36.24,18.11
3472,42.669,23.318,93656.08,22.25,62.19
3102,42.665,23.392,95329.8,21.36,55.13
4608,42.708,23.308,95433.58,31.81,28.95
1846,42.64,23.31,94190.81,16.92,72.24
3982,42.654,23.33,94889.3,33.4,0.0
2266,42.738,23.272,94667.17,18.18,84.5
2264,42.671,23.31,94809.38,26.09,52.12
1764,42.622,23.366,93328.05,17.06,85.28
3436,42.693,23.359,95356.52,20.29,63.96
1850,42.677,23.311,94747.73,27.32,44.11
2234,42.685,23.356,95519.92,24.51,51.53
1952,42.709,23.398,95797.75,16.23,81.14
2230,42.692,23.332,95342.14,19.01,75.55
3836,42.702,23.371,95844.95,18.92,68.0
2036,42.657,23.349,95047.33,26.44,38.13
3436,42.693,23.359,95275.92,19.53,62.85
3474,42.68,23.293,94592.88,32.32,26.36
2292,42.663,23.273,94591.48,31.62,39.22
3438,42.738,23.293,95632.45,26.59,51.46
2262,42.691,23.324,94943.84,35.48,26.86
3428,42.624,23.406,95019.33,20.43,66.02
4467,42.665,23.278,94839.98,32.28,30.26
2040,42.686,23.351,94935.56,26.67,52.55
2040,42.686,23.351,94822.95,38.69,26.76
3432,42.71,23.419,95280.02,36.19,19.36
2266,42.738,23.272,95259.42,33.74,27.54
2230,42.692,23.332,95513.93,30.02,37.69
1846,42.64,23.31,94269.91,25.7,41.48
2266,42.738,23.272,95832.3,16.28,77.75
3982,42.654,23.33,94882.29,24.69,0.0
2040,42.686,23.351,117638.84,-145.12,100.0
2224,42.651,23.335,94777.36,19.31,62.76
2266,42.738,23.272,95466.11,31.63,36.75
2607,42.66,23.319,94463.71,21.14,69.23
3092,42.666,23.284,95035.91,18.27,0.0
2234,42.685,23.356,95522.55,29.71,24.68
1962,42.69,23.324,95376.21,26.8,45.29
3738,42.7,23.332,95517.55,29.23,42.64
4473,42.625,23.321,92171.66,23.8,60.24
2040,42.686,23.351,94876.14,34.69,33.98
3428,42.624,23.406,94745.62,25.87,56.29
2228,42.693,23.333,94441.0,18.88,72.8
3474,42.68,23.293,94714.66,22.2,61.51
3092,42.666,23.284,94813.81,45.52,15.11
3096,42.7,23.36,95011.0,38.96,23.88
3438,42.738,23.293,95447.11,39.17,19.03
3738,42.7,23.332,94809.91,21.38,65.52
2294,42.645,23.265,91923.76,17.21,84.57
1952,42.709,23.398,95048.2,18.42,58.36
3436,42.693,23.359,95275.99,20.26,62.42
3436,42.693,23.359,94968.98,34.47,23.13
3096,42.7,23.36,95855.8,20.31,71.64
3512,42.683,23.335,94620.59,34.72,33.53
1954,42.704,23.354,95746.26,21.27,56.15
2323,42.686,23.4,95822.16,17.61,71.79
2607,42.66,23.319,94676.17,37.86,30.11
3836,42.702,23.371,95620.42,26.12,49.5
2230,42.692,23.332,95426.28,22.79,58.79
3512,42.683,23.335,95135.89,24.03,39.62
3558,42.671,23.364,94907.97,23.02,44.52
2607,42.66,23.319,93878.42,17.1,76.23
2234,42.685,23.356,95409.28,28.81,33.37
2323,42.686,23.4,95631.56,21.49,65.2
2266,42.738,23.272,94780.95,24.64,56.08
2228,42.693,23.333,95346.94,27.65,41.63
3102,42.665,23.392,95527.29,28.6,29.61
1850,42.677,23.311,94767.48,24.54,40.88
2262,42.691,23.324,95156.98,27.76,41.45
1952,42.709,23.398,94909.56,32.14,36.29
2230,42.692,23.332,95397.64,20.5,61.37
2040,42.686,23.351,117638.84,-145.12,100.0
2262,42.691,23.324,95504.3,20.88,54.48
1850,42.677,23.311,95476.77,16.41,75.98
3092,42.666,23.284,95080.39,21.0,0.0
2038,42.694,23.32,94553.05,23.37,51.61
2230,42.692,23.332,95518.08,28.9,35.58
1846,42.64,23.31,94372.7,15.49,64.96
2230,42.692,23.332,95497.0,29.22,48.23
3438,42.738,23.293,95612.42,22.66,51.9
3558,42.671,23.364,94604.52,45.21,9.15
1954,42.704,23.354,94903.33,25.15,35.43
4479,42.675,23.24,93125.13,26.58,38.95
2262,42.691,23.324,95237.14,28.62,39.04
1846,42.64,23.31,94047.72,21.28,52.65
1962,42.69,23.324,95359.25,18.19,68.77
3738,42.7,23.332,95567.41,28.3,39.89
2036,42.657,23.349,95114.28,19.63,55.86
1954,42.704,23.354,95749.08,24.28,48.75
3472,42.669,23.318,94803.95,35.32,30.78
3092,42.666,23.284,94950.14,24.81,0.0
2216,42.664,23.373,93956.22,33.31,39.75
3432,42.71,23.419,94560.75,24.71,58.5
3296,42.671,23.325,94863.3,20.37,81.73
2224,42.651,23.335,94754.38,16.71,77.6
3642,42.694,23.36,95172.12,29.89,36.63
2262,42.691,23.324,95019.3,34.78,27.09
2224,42.651,23.335,95211.06,17.88,79.66
1846,42.64,23.31,93491.57,21.15,52.74
2607,42.66,23.319,94675.73,25.91,49.52
1846,42.64,23.31,93913.25,15.74,81.12
3102,42.665,23.392,94449.82,20.87,74.29
1764,42.622,23.366,93917.65,24.74,47.83
2224,42.651,23.335,94744.28,33.52,35.95
2224,42.651,23.335,94194.41,34.13,33.84
3738,42.7,23.332,95463.34,28.4,44.82
3296,42.671,23.325,95013.99,28.65,32.68
3968,42.689,23.357,94584.47,34.87,30.46
1846,42.64,23.31,93832.05,33.37,37.36
1954,42.704,23.354,95718.97,20.47,57.89
2266,42.738,23.272,95742.69,26.85,47.58
3096,42.7,23.36,94602.91,27.33,39.11
3296,42.671,23.325,95303.98,16.74,75.46
3438,42.738,23.293,94267.53,27.56,41.73
3096,42.7,23.36,94554.13,32.76,35.29
3968,42.689,23.357,95041.83,36.87,28.61
3432,42.71,23.419,95814.11,29.29,32.71
4469,42.665,23.293,93614.06,29.64,43.78
2232,42.685,23.301,93838.16,25.64,56.27
2230,42.692,23.332,95229.0,25.54,38.3
3620,42.678,23.254,94568.09,34.8,36.58
4475,42.654,23.316,93739.38,21.0,71.82
1850,42.677,23.311,95287.94,26.88,38.12
2234,42.685,23.356,95688.98,17.19,75.85
2234,42.685,23.356,94781.53,31.84,33.86
4477,42.629,23.301,92849.43,21.38,59.42
4558,42.706,23.38,95717.41,16.39,72.51
1764,42.622,23.366,94634.41,16.11,94.03
1954,42.704,23.354,95328.2,33.05,27.88
2036,42.657,23.349,94882.17,25.02,47.76
2266,42.738,23.272,94746.64,23.25,51.39
3968,42.689,23.357,95346.17,24.3,51.73
2607,42.66,23.319,94129.27,31.07,34.73
2228,42.693,23.333,95795.21,18.34,77.93
3428,42.624,23.406,94605.16,38.39,26.0
2234,42.685,23.356,95029.75,37.59,19.37
3102,42.665,23.392,95112.3,27.12,41.42
3432,42.71,23.419,95537.41,34.56,25.88
1764,42.622,23.366,94091.98,19.03,67.93
2224,42.651,23.335,94819.73,18.8,61.43
1962,42.69,23.324,94736.42,26.26,36.58
3982,42.654,23.33,94358.95,31.84,0.0
2224,42.651,23.335,95195.86,18.97,66.93
1952,42.709,23.398,95792.2,15.61,84.8
2264,42.671,23.31,95275.3,30.05,35.3
4479,42.675,23.24,94159.08,29.24,32.88
2292,42.663,23.273,94743.5,14.29,88.73
2232,42.685,23.301,94927.88,28.96,44.98
2262,42.691,23.324,94379.76,19.18,75.94
3102,42.665,23.392,94617.55,18.05,84.02
2036,42.657,23.349,94210.2,16.44,92.4
3474,42.68,23.293,95154.03,15.81,79.34
2266,42.738,23.272,95618.41,29.0,40.81
3472,42.669,23.318,94585.19,27.06,47.84
1846,42.64,23.31,92926.7,18.31,100.0
1962,42.69,23.324,95512.97,25.07,44.43
4608,42.708,23.308,95556.27,25.33,46.71
2323,42.686,23.4,94293.38,23.6,63.06
3836,42.702,23.371,95465.38,23.27,53.09
3096,42.7,23.36,95719.45,27.5,34.12
2228,42.693,23.333,95362.58,24.63,60.98
2230,42.692,23.332,95804.25,23.92,50.35
4473,42.625,23.321,92101.56,27.16,49.03
3472,42.669,23.318,94234.23,27.46,44.57
3558,42.671,23.364,95419.04,20.76,59.69
2607,42.66,23.319,94668.39,17.8,68.18
3432,42.71,23.419,95266.89,33.92,31.88
2262,42.691,23.324,95114.31,26.02,51.52
3836,42.702,23.371,95394.34,27.56,47.5
2264,42.671,23.31,95193.84,24.22,51.85
3982,42.654,23.33,94736.11,25.55,0.0
1846,42.64,23.31,94071.57,18.6,71.52
3438,42.738,23.293,94963.68,31.23,43.04
2323,42.686,23.4,95713.77,27.09,34.04
3092,42.666,23.284,94771.32,28.81,36.12
3102,42.665,23.392,95046.41,25.12,47.24
3472,42.669,23.318,94827.12,23.55,58.07
3836,42.702,23.371,96154.94,22.94,56.24
2224,42.651,23.335,94348.46,32.98,26.82
2040,42.686,23.351,95458.56,16.04,88.22
4469,42.665,23.293,94583.16,23.86,47.35
2607,42.66,23.319,94406.79,28.18,47.26
3432,42.71,23.419,95570.75,27.16,52.0
1952,42.709,23.398,95013.92,18.52,89.01
2607,42.66,23.319,94709.23,34.47,31.9
2262,42.691,23.324,94884.27,37.06,24.27
1846,42.64,23.31,94021.37,32.0,30.7
3500,42.703,23.349,95264.71,37.87,20.44
3836,42.702,23.371,94987.72,45.55,10.17
3968,42.689,23.357,95300.38,27.41,48.23
3438,42.738,23.293,95670.72,38.64,18.3
3474,42.68,23.293,94600.38,23.22,61.31
2292,42.663,23.273,94994.33,26.73,40.19
4358,42.703,23.373,95176.64,22.29,48.32
3836,42.702,23.371,95486.28,21.98,50.68
1850,42.677,23.311,95031.08,22.2,70.15
2036,42.657,23.349,94492.33,23.6,53.46
2040,42.686,23.351,95371.98,19.26,70.79
3092,42.666,23.284,95142.32,15.71,0.0
3982,42.654,23.33,93698.23,24.17,0.0
3438,42.738,23.293,95401.96,29.23,43.25
1952,42.709,23.398,96059.09,20.47,56.71
3428,42.624,23.406,95261.56,20.04,60.72
3500,42.703,23.349,94863.6,26.82,51.21
3102,42.665,23.392,95827.18,15.47,74.29
2216,42.664,23.373,95175.73,30.11,39.21
1846,42.64,23.31,93660.12,22.3,63.75
2294,42.645,23.265,92534.18,28.64,44.31
2607,42.66,23.319,94082.12,34.75,27.24
1952,42.709,23.398,95835.25,15.86,85.32
1954,42.704,23.354,95897.52,20.37,69.04
2216,42.664,23.373,95163.8,36.28,32.98
3836,42.702,23.371,95531.18,38.53,17.73
2232,42.685,23.301,95454.67,20.69,53.26
3620,42.678,23.254,94355.78,32.82,32.64
3438,42.738,23.293,95020.77,26.95,51.08
2266,42.738,23.272,95941.47,22.15,53.89
3836,42.702,23.371,96182.84,15.07,79.27
2224,42.651,23.335,94897.89,32.97,37.75
2036,42.657,23.349,94856.53,17.23,87.34
2264,42.671,23.31,95453.05,19.34,74.68
3620,42.678,23.254,94875.66,27.88,45.09
4469,42.665,23.293,94896.84,26.91,41.65
2224,42.651,23.335,94798.83,25.77,46.03
2264,42.671,23.31,94491.59,30.11,31.42
3558,42.671,23.364,94523.25,33.7,25.52
3438,42.738,23.293,95782.47,25.13,48.42
4473,42.625,23.321,92625.88,16.26,66.32
2224,42.651,23.335,94326.8,33.1,35.08
2292,42.663,23.273,94967.22,27.51,28.92
2224,42.651,23.335,95027.45,19.84,57.13
2038,42.694,23.32,95360.55,24.46,59.26
1962,42.69,23.324,95244.91,24.64,46.56
3474,42.68,23.293,95075.73,28.8,31.64
2036,42.657,23.349,93983.59,16.37,88.28
3968,42.689,23.357,94650.97,30.6,37.2
2607,42.66,23.319,94513.32,27.6,45.74
2232,42.685,23.301,95415.7,22.21,48.25
2607,42.66,23.319,94571.33,34.14,27.58
3738,42.7,23.332,94709.23,20.82,64.7
2224,42.651,23.335,94750.72,28.12,39.97
3738,42.7,23.332,95723.74,23.82,47.97
3620,42.678,23.254,94243.66,28.87,50.01
1962,42.69,23.324,95523.67,24.81,45.36
2323,42.686,23.4,94571.69,19.9,79.93
2232,42.685,23.301,94950.89,35.63,32.36
2323,42.686,23.4,95247.62,37.7,30.4
2228,42.693,23.333,94907.68,24.62,52.51
2266,42.738,23.272,95334.8,31.61,31.83
2230,42.692,23.332,94890.31,29.91,43.29
1764,42.622,23.366,93765.96,26.06,42.87
3982,42.654,23.33,94212.64,16.91,0.0
2230,42.692,23.332,94893.64,28.3,23.9
3432,42.71,23.419,94857.31,23.94,52.85
3968,42.689,23.357,95075.98,22.75,55.25
2230,42.692,23.332,95455.8,20.78,63.9
2266,42.738,23.272,95583.52,25.22,54.88
3474,42.68,23.293,95242.96,22.99,53.81
2038,42.694,23.32,94980.52,33.76,31.9
3474,42.68,23.293,95391.61,16.98,65.91
2228,42.693,23.333,95231.95,26.82,43.1
3092,42.666,23.284,94260.8,22.37,48.24
2262,42.691,23.324,94638.36,32.6,29.54
2262,42.691,23.324,95426.37,30.27,26.92
2038,42.694,23.32,95222.95,21.52,51.26
2234,42.685,23.356,95347.17,29.96,29.89
3982,42.654,23.33,94830.84,17.1,0.0
1954,42.704,23.354,95491.64,26.31,58.08
2228,42.693,23.333,95442.13,23.93,53.41
3296,42.671,23.325,94726.02,27.06,49.74
1954,42.704,23.354,94533.74,20.26,71.69
3102,42.665,23.392,95684.63,16.66,67.97
2264,42.671,23.31,94146.8,26.4,41.15
3096,42.7,23.36,95716.05,21.37,60.77
3620,42.678,23.254,95008.2,20.87,70.37
1850,42.677,23.311,94196.12,17.99,81.52
3512,42.683,23.335,95394.81,33.59,35.34
3982,42.654,23.33,95095.22,28.03,0.0
3512,42.683,23.335,95413.95,20.97,78.47
3968,42.689,23.357,95058.6,29.27,51.32
3438,42.738,23.293,95529.53,15.92,85.97
3096,42.7,23.36,95000.49,25.98,52.02
3558,42.671,23.364,94662.95,41.93,10.88
1952,42.709,23.398,95954.13,27.36,40.78
1764,42.622,23.366,94405.2,26.24,42.08
2230,42.692,23.332,94970.05,25.73,54.16
3500,42.703,23.349,94531.23,28.07,36.49
2262,42.691,23.324,94245.28,22.45,64.35
3438,42.738,23.293,95552.88,42.3,16.8
3438,42.738,23.293,95886.8,23.09,57.21
3474,42.68,23.293,95093.3,24.31,54.93
2266,42.738,23.272,96007.03,20.61,58.67
1962,42.69,23.324,94765.66,25.07,38.68
3438,42.738,23.293,94712.61,17.45,93.7
3968,42.689,23.357,95196.53,24.86,66.89
2262,42.691,23.324,94444.98,23.42,60.08
4469,42.665,23.293,93680.3,23.5,55.82
3982,42.654,23.33,94725.59,26.79,0.0
3968,42.689,23.357,94826.14,35.15,23.17
3620,42.678,23.254,94692.77,25.72,65.3
2038,42.694,23.32,95344.63,27.43,47.17
2266,42.738,23.272,95126.95,27.01,45.28
1846,42.64,23.31,94270.41,16.62,72.58
2224,42.651,23.335,94314.72,32.28,21.4
2266,42.738,23.272,95826.65,24.29,49.68
1952,42.709,23.398,95206.7,28.86,42.54
3620,42.678,23.254,95173.14,19.2,66.3
3436,42.693,23.359,95423.84,21.5,60.42
2216,42.664,23.373,95440.4,19.45,70.86
3102,42.665,23.392,95835.62,16.75,72.7
2266,42.738,23.272,94856.73,30.6,43.71
3436,42.693,23.359,94930.93,20.78,56.37
3432,42.71,23.419,95918.22,25.79,41.59
1952,42.709,23.398,95819.89,21.96,63.39
1850,42.677,23.311,95235.3,24.84,45.97
2607,42.66,23.319,94745.81,29.25,43.17
2038,42.694,23.32,95376.91,25.05,49.96
1846,42.64,23.31,93307.19,49.4,16.02
2266,42.738,23.272,94563.31,21.32,78.16
1850,42.677,23.311,95191.47,17.63,69.07
1764,42.622,23.366,94477.84,25.56,41.55
2232,42.685,23.301,94954.95,29.86,36.52
2234,42.685,23.356,95281.11,22.8,67.7
2294,42.645,23.265,92712.52,40.64,18.33
2038,42.694,23.32,95661.5,28.81,34.65
2266,42.738,23.272,94871.34,17.82,93.01
2228,42.693,23.333,94468.35,29.17,37.15
2323,42.686,23.4,95775.42,23.92,45.49
2230,42.692,23.332,95361.47,19.88,64.98
2264,42.671,23.31,94782.34,32.71,26.53
1954,42.704,23.354,94230.19,24.74,59.16
3620,42.678,23.254,94992.53,24.45,47.04
2230,42.692,23.332,95339.86,27.08,41.7
1764,42.622,23.366,94352.05,18.04,74.93
3982,42.654,23.33,95229.29,22.14,0.0
1846,42.64,23.31,93169.37,38.75,23.55
3092,42.666,23.284,94201.95,35.63,0.0
3738,42.7,23.332,95673.6,20.76,60.95
3428,42.624,23.406,94983.8,30.91,28.49
2216,42.664,23.373,93897.76,39.27,24.91
2230,42.692,23.332,95461.91,25.31,51.49
3436,42.693,23.359,95378.05,27.44,39.08
2607,42.66,23.319,94880.31,31.97,31.36
4473,42.625,23.321,91916.68,27.57,43.29
2264,42.671,23.31,95228.41,32.98,36.46
3500,42.703,23.349,94960.88,23.88,56.09
4475,42.654,23.316,93923.37,19.02,69.76
3102,42.665,23.392,95537.23,29.73,31.81
2036,42.657,23.349,94753.59,23.15,63.53
3438,42.738,23.293,95658.48,25.56,55.83
3428,42.624,23.406,95094.13,26.65,51.02
2040,42.686,23.351,117638.84,-145.12,100.0
3836,42.702,23.371,95644.84,30.35,41.17
2266,42.738,23.272,95836.09,26.87,37.95
3982,42.654,23.33,93804.61,28.72,0.0
3432,42.71,23.419,95647.13,19.97,67.8
2292,42.663,23.273,94673.55,18.41,70.98
3472,42.669,23.318,94242.17,30.71,31.61
2036,42.657,23.349,94955.8,30.53,27.31
1764,42.622,23.366,94173.72,25.74,52.77
2262,42.691,23.324,94026.55,27.3,51.53
4479,42.675,23.24,92868.91,29.0,44.18
3474,42.68,23.293,95156.72,20.37,56.13
3472,42.669,23.318,94984.36,18.06,65.88
1962,42.69,23.324,94838.05,26.19,46.37
2038,42.694,23.32,95472.23,24.62,58.49
3738,42.7,23.332,95623.58,19.11,63.76
3432,42.71,23.419,94316.58,30.18,42.51
3982,42.654,23.33,94907.8,26.75,0.0
3836,42.702,23.371,95691.58,20.03,65.72
3474,42.68,23.293,94827.5,17.0,81.54
3512,42.683,23.335,95426.67,20.3,76.04
4625,42.685,23.354,95240.35,36.0,20.27
3512,42.683,23.335,95261.77,30.61,25.58
2292,42.663,23.273,94842.95,25.72,51.66
2264,42.671,23.31,94666.32,37.99,31.82
3432,42.71,23.419,95616.61,35.17,28.48
3472,42.669,23.318,94990.95,22.58,46.83
3102,42.665,23.392,95429.41,22.03,54.44
2607,42.66,23.319,94030.28,23.24,57.69
2228,42.693,23.333,95236.63,32.52,36.22
3432,42.71,23.419,95693.1,30.28,46.2
3092,42.666,23.284,94258.09,27.74,0.0
2228,42.693,23.333,94017.65,29.46,35.56
2230,42.692,23.332,94998.97,26.47,42.99
3102,42.665,23.392,95236.0,21.06,57.13
2607,42.66,23.319,94249.74,33.09,18.34
2234,42.685,23.356,94403.66,20.69,65.06
2234,42.685,23.356,95492.28,27.94,34.39
4475,42.654,23.316,94558.98,21.53,49.08
1962,42.69,23.324,94738.48,40.01,24.34
2224,42.651,23.335,94349.36,31.34,37.42
2264,42.671,23.31,95503.63,31.77,27.41
1846,42.64,23.31,93435.64,24.2,54.32
3432,42.71,23.419,95016.58,19.0,60.15
2264,42.671,23.31,94367.7,23.49,63.1
3500,42.703,23.349,95488.2,17.35,76.44
3642,42.694,23.36,94834.81,42.28,20.24
3620,42.678,23.254,94282.38,21.5,55.12
2232,42.685,23.301,95338.4,19.84,59.65
3500,42.703,23.349,95298.59,18.5,62.73
3432,42.71,23.419,95891.7,20.3,61.46
3738,42.7,23.332,95502.25,19.96,57.98
3968,42.689,23.357,94754.83,36.78,22.48
2038,42.694,23.32,94384.98,32.6,37.65
3436,42.693,23.359,95582.72,20.69,61.12
4558,42.706,23.38,94661.84,19.77,77.24
1952,42.709,23.398,95840.67,27.3,34.08
3500,42.703,23.349,95453.2,24.61,59.73
2038,42.694,23.32,95529.45,26.92,33.93
1850,42.677,23.311,94681.35,27.73,41.22
4467,42.665,23.278,94864.08,30.56,33.5
3428,42.624,23.406,95024.41,29.67,45.06
3472,42.669,23.318,95026.48,18.39,75.5
4475,42.654,23.316,94973.02,30.05,37.11
3512,42.683,23.335,95530.36,27.23,34.71
2294,42.645,23.265,93244.98,16.35,79.93
3296,42.671,23.325,94595.71,25.67,54.04
1952,42.709,23.398,95654.28,30.59,39.94
2323,42.686,23.4,95836.8,23.07,56.27
2228,42.693,23.333,95611.23,22.67,54.08
4358,42.703,23.373,95346.8,30.8,29.05
2323,42.686,23.4,95644.74,28.91,46.32
1764,42.622,23.366,94534.55,15.88,71.58
2040,42.686,23.351,94888.25,31.51,30.71
2234,42.685,23.356,95049.45,25.32,41.78
3428,42.624,23.406,94728.27,34.0,22.7
4358,42.703,23.373,95253.19,22.2,70.11
3436,42.693,23.359,94954.95,26.7,42.94
2230,42.692,23.332,95398.8,25.57,48.89
3982,42.654,23.33,94404.33,35.92,0.0
3738,42.7,23.332,95798.09,25.6,44.07
3500,42.703,23.349,95471.27,51.82,8.15
2292,42.663,23.273,93786.78,32.1,31.41
2323,42.686,23.4,94277.47,27.78,48.97
4358,42.703,23.373,94620.03,17.79,88.74
2232,42.685,23.301,95188.26,18.55,57.82
4469,42.665,23.293,93687.5,30.49,41.2
3512,42.683,23.335,94614.56,34.9,29.73
3512,42.683,23.335,95396.11,22.77,72.78
1846,42.64,23.31,93473.45,22.06,50.76
2224,42.651,23.335,94155.83,18.34,79.51
3102,42.665,23.392,95296.77,22.04,62.59
2224,42.651,23.335,94814.78,20.5,62.26
2224,42.651,23.335,94533.64,27.37,48.31
3438,42.738,23.293,95608.02,21.05,63.39
1846,42.64,23.31,94227.34,20.38,59.73
2294,42.645,23.265,91960.05,22.97,58.89
1850,42.677,23.311,95620.91,16.89,72.28
2607,42.66,23.319,94750.99,33.91,29.9
2224,42.651,23.335,94759.11,30.6,28.93
2038,42.694,23.32,95257.56,21.97,53.92
2038,42.694,23.32,95305.8,30.91,35.47
1850,42.677,23.311,95023.91,20.83,49.07
2292,42.663,23.273,94660.4,28.71,36.13
3968,42.689,23.357,95347.02,21.19,63.46
3432,42.71,23.419,95739.99,22.03,65.32
1764,42.622,23.366,94049.2,20.76,53.43
3432,42.71,23.419,96001.35,17.71,78.44
3436,42.693,23.359,94785.72,28.07,39.73
3474,42.68,23.293,94550.34,32.27,27.12
1962,42.69,23.324,95715.83,18.25,80.01
3432,42.71,23.419,95733.25,18.08,76.35
3982,42.654,23.33,94497.81,23.86,0.0
3432,42.71,23.419,94466.12,29.53,41.25
3438,42.738,23.293,95641.66,24.53,46.34
3472,42.669,23.318,94784.33,32.33,28.98
3982,42.654,23.33,94823.73,19.85,0.0
3438,42.738,23.293,95005.88,27.87,47.25
1954,42.704,23.354,95289.37,25.44,49.96
3096,42.7,23.36,94674.35,25.58,49.95
2232,42.685,23.301,95266.36,25.13,43.69
1962,42.69,23.324,94937.38,26.32,43.02
3472,42.669,23.318,93348.55,29.29,51.0
4608,42.708,23.308,95426.04,20.71,55.42
3102,42.665,23.392,95801.34,21.36,55.26
3738,42.7,23.332,94369.37,26.95,51.88
1846,42.64,23.31,94003.48,28.48,36.82
3738,42.7,23.332,95139.47,22.8,46.37
1952,42.709,23.398,95956.94,17.65,73.34
3096,42.7,23.36,94300.25,28.09,47.71
3428,42.624,23.406,94185.55,28.37,41.32
2292,42.663,23.273,95050.11,23.1,44.78
3432,42.71,23.419,94960.63,20.94,72.81
2607,42.66,23.319,95135.14,21.96,51.95
1846,42.64,23.31,93925.64,29.27,43.9
2262,42.691,23.324,94673.1,31.98,23.77
1764,42.622,23.366,94224.34,31.11,36.44
2264,42.671,23.31,94386.59,39.24,19.68
2294,42.645,23.265,92913.8,28.95,48.84
2266,42.738,23.272,96054.13,24.78,47.47
3474,42.68,23.293,94535.68,25.83,48.79
3096,42.7,23.36,94981.11,32.33,32.25
3620,42.678,23.254,94269.48,23.0,53.87
2230,42.692,23.332,95322.2,25.07,61.69
3968,42.689,23.357,95022.02,38.01,20.24
3500,42.703,23.349,95586.08,25.05,48.43
3432,42.71,23.419,95135.63,26.25,55.81
3436,42.693,23.359,95281.15,20.9,63.7
3472,42.669,23.318,93787.2,24.77,48.48
1954,42.704,23.354,94473.66,19.27,71.86
2264,42.671,23.31,95313.92,28.25,40.55
3432,42.71,23.419,95210.03,30.63,33.02
3738,42.7,23.332,94980.67,18.12,60.21
2264,42.671,23.31,95168.85,26.08,47.83
1850,42.677,23.311,95328.37,25.14,34.68
1850,42.677,23.311,94752.38,24.85,38.33
2230,42.692,23.332,95046.39,25.49,60.27
2040,42.686,23.351,95468.31,15.54,92.05
3500,42.703,23.349,95405.81,17.08,79.29
2266,42.738,23.272,95889.49,34.74,30.61
3512,42.683,23.335,95256.97,24.62,50.43
3438,42.738,23.293,95299.05,24.87,59.79
2264,42.671,23.31,94972.3,19.46,66.16
4467,42.665,23.278,94925.81,23.06,57.72
3102,42.665,23.392,95574.53,38.15,17.63
2038,42.694,23.32,95431.83,26.97,44.68
1954,42.704,23.354,95915.03,24.32,47.11
1962,42.69,23.324,94366.91,46.25,21.86
3642,42.694,23.36,95373.38,37.36,22.4
2228,42.693,23.333,94975.16,24.73,51.36
2607,42.66,23.319,94526.42,22.67,46.66
2292,42.663,23.273,95142.2,15.09,77.3
2607,42.66,23.319,94388.16,20.98,50.89
3102,42.665,23.392,95122.87,39.89,15.49
4469,42.665,23.293,94258.09,24.72,39.73
2234,42.685,23.356,95553.83,25.94,47.86
1764,42.622,23.366,93676.25,17.26,89.07
3436,42.693,23.359,95139.25,21.49,61.46
1962,42.69,23.324,95665.25,19.58,66.32
3982,42.654,23.33,95228.09,25.95,0.0
4473,42.625,23.321,92358.44,23.58,49.04
2294,42.645,23.265,91975.68,16.16,81.37
3428,42.624,23.406,95229.04,27.0,49.35
2234,42.685,23.356,95136.86,25.06,55.27
3982,42.654,23.33,94735.31,23.78,0.0
1764,42.622,23.366,93329.66,16.76,82.98
3836,42.702,23.371,95661.79,21.53,73.69
3512,42.683,23.335,95441.16,30.39,32.76
3428,42.624,23.406,95084.24,30.71,29.94
1954,42.704,23.354,95509.48,34.16,24.17
4558,42.706,23.38,94666.0,19.44,77.66
2323,42.686,23.4,95513.91,19.66,76.37
3620,42.678,23.254,94666.63,32.08,45.14
3500,42.703,23.349,95577.19,26.29,45.95
4479,42.675,23.24,93440.23,17.81,62.14
3500,42.703,23.349,95406.02,26.95,48.54
3092,42.666,23.284,94553.84,22.37,0.0
3500,42.703,23.349,94722.05,37.4,28.26
2323,42.686,23.4,95594.86,16.74,72.47
2230,42.692,23.332,95447.38,21.5,73.04
4558,42.706,23.38,95924.16,49.46,13.2
1952,42.709,23.398,95505.4,31.42,31.72
2036,42.657,23.349,93633.79,24.26,49.12
2292,42.663,23.273,94645.66,33.52,36.67
3472,42.669,23.318,94844.79,21.1,53.3
2038,42.694,23.32,95312.88,34.23,34.67
3738,42.7,23.332,95037.85,33.72,30.18
3428,42.624,23.406,94659.37,38.49,27.13
3472,42.669,23.318,94784.66,33.52,25.95
3438,42.738,23.293,95348.62,32.2,37.38
2228,42.693,23.333,95315.46,20.58,61.04
2266,42.738,23.272,96031.78,19.9,67.94
3096,42.7,23.36,95450.96,21.98,56.18
2234,42.685,23.356,94719.72,42.23,12.74
3438,42.738,23.293,95055.62,42.97,15.98
3642,42.694,23.36,95175.07,30.66,40.03
3512,42.683,23.335,95103.98,22.57,54.26
3982,42.654,23.33,95062.13,19.34,0.0
3738,42.7,23.332,95391.17,21.69,46.85
1952,42.709,23.398,95726.73,31.87,31.72
3474,42.68,23.293,94978.04,28.82,37.6
3620,42.678,23.254,94085.91,32.24,43.56
3836,42.702,23.371,95614.52,28.0,44.44
3982,42.654,23.33,94324.0,23.08,0.0
2266,42.738,23.272,95474.66,37.21,30.52
4479,42.675,23.24,93089.79,20.36,65.22
3836,42.702,23.371,94490.63,34.64,26.78
3436,42.693,23.359,95117.81,22.79,47.72
3836,42.702,23.371,95714.52,15.6,80.03
2266,42.738,23.272,95536.16,32.95,36.15
2294,42.645,23.265,92044.62,29.34,47.86
1846,42.64,23.31,94210.68,17.41,82.1
2262,42.691,23.324,95070.92,22.15,59.45
1954,42.704,23.354,95617.73,27.34,35.03
3620,42.678,23.254,94866.02,22.04,72.8
2224,42.651,23.335,94897.56,24.31,54.42
3102,42.665,23.392,95376.38,23.17,59.53
1850,42.677,23.311,95634.14,19.64,57.19
2266,42.738,23.272,94632.97,16.89,89.63
2607,42.66,23.319,93798.8,19.37,82.89
2294,42.645,23.265,92927.59,43.56,22.21
2232,42.685,23.301,94896.54,18.18,73.69
3438,42.738,23.293,95391.2,29.4,47.97
3500,42.703,23.349,95687.87,21.33,57.22
2292,42.663,23.273,94149.61,24.76,38.32
1764,42.622,23.366,93197.58,23.91,63.13
3092,42.666,23.284,95175.58,17.12,0.0
3642,42.694,23.36,95499.06,23.53,49.07
2224,42.651,23.335,94879.37,27.97,37.12
2228,42.693,23.333,95089.81,36.0,32.9
2230,42.692,23.332,95276.92,30.95,39.31
2234,42.685,23.356,94267.19,19.9,77.47
2038,42.694,23.32,95829.83,22.82,52.52
3512,42.683,23.335,94878.86,29.78,33.73
3642,42.694,23.36,95181.7,17.79,71.08
1850,42.677,23.311,95021.83,27.96,37.01
1962,42.69,23.324,95008.14,45.6,14.68
4479,42.675,23.24,93069.27,30.29,45.52
2294,42.645,23.265,92246.25,17.61,58.46
2232,42.685,23.301,94808.75,25.75,41.03
3428,42.624,23.406,95009.88,20.51,61.17
2036,42.657,23.349,94919.29,20.45,61.61
2607,42.66,23.319,94422.27,30.97,38.52
2292,42.663,23.273,94239.91,23.59,57.63
2266,42.738,23.272,95917.2,16.39,77.63
1952,42.709,23.398,95457.5,32.17,27.01
1962,42.69,23.324,95752.39,19.23,64.48
2038,42.694,23.32,95394.06,27.59,45.23
1846,42.64,23.31,94387.25,13.65,83.92
1850,42.677,23.311,94658.9,22.24,64.53
3982,42.654,23.33,95087.35,31.1,0.0
3096,42.7,23.36,95723.09,28.74,31.29
1954,42.704,23.354,95452.77,24.23,60.22
2292,42.663,23.273,94717.69,20.88,59.97
1764,42.622,23.366,94576.52,16.53,75.07
3474,42.68,23.293,94970.61,32.63,33.93
3096,42.7,23.36,95518.38,22.53,55.0
2266,42.738,23.272,95545.34,17.25,75.56
2266,42.738,23.272,95599.66,32.21,31.71
2323,42.686,23.4,94783.25,39.38,18.57
3428,42.624,23.406,94947.67,19.67,64.35
2230,42.692,23.332,95307.84,21.33,54.68
4471,42.698,23.291,94085.41,27.96,45.55
3512,42.683,23.335,95084.56,35.12,35.15
3738,42.7,23.332,95821.55,45.85,11.73
3436,42.693,23.359,95399.03,31.82,31.83
2234,42.685,23.356,95697.02,19.23,62.97
1846,42.64,23.31,93862.2,27.73,53.31
2607,42.66,23.319,95243.45,14.59,79.79
3428,42.624,23.406,94957.64,33.1,38.38
1962,42.69,23.324,95314.14,21.28,75.79
2036,42.657,23.349,95166.7,21.77,62.35
3102,42.665,23.392,95528.36,24.49,52.31
2234,42.685,23.356,95007.5,26.75,41.89
3092,42.666,23.284,94883.61,17.53,0.0
2264,42.671,23.31,95286.02,18.03,68.93
3438,42.738,23.293,95326.05,28.23,40.55
3620,42.678,23.254,95199.37,16.08,82.46
3296,42.671,23.325,94998.06,34.0,24.37
3558,42.671,23.364,95382.09,21.31,59.41
2228,42.693,23.333,95371.92,29.63,33.79
2262,42.691,23.324,95666.59,26.57,42.51
2040,42.686,23.351,94898.11,34.11,30.47
2262,42.691,23.324,95386.05,17.61,66.53
3620,42.678,23.254,94200.98,17.56,93.35
3836,42.702,23.371,94868.28,21.38,71.74
3620,42.678,23.254,94807.78,31.68,43.83
3472,42.669,23.318,94227.12,28.35,42.73
2232,42.685,23.301,94710.82,36.27,26.62
3982,42.654,23.33,94550.44,23.93,0.0
3982,42.654,23.33,95009.72,25.65,0.0
2323,42.686,23.4,95785.2,20.41,60.37
2323,42.686,23.4,95667.73,17.03,65.5
2038,42.694,23.32,95755.33,25.12,45.83
3620,42.678,23.254,94770.69,32.43,37.53
3096,42.7,23.36,94979.62,21.02,65.79
3620,42.678,23.254,94880.44,31.3,37.45
2266,42.738,23.272,95984.29,17.42,90.57
2230,42.692,23.332,94881.07,24.82,41.31
2266,42.738,23.272,95555.88,19.36,66.65
3092,42.666,23.284,94624.53,20.33,59.65
3428,42.624,23.406,95210.84,27.14,39.9
3982,42.654,23.33,94497.44,23.74,0.0
2036,42.657,23.349,94964.66,14.67,84.77
3642,42.694,23.36,94222.28,18.46,79.09
2264,42.671,23.31,94095.27,20.7,69.68
2038,42.694,23.32,95460.2,17.32,69.91
2230,42.692,23.332,95391.85,29.1,37.4
3512,42.683,23.335,95156.05,21.71,55.28
2323,42.686,23.4,94803.24,17.41,88.53
3836,42.702,23.371,96072.54,29.18,34.81
4558,42.706,23.38,94993.9,17.12,67.2
3836,42.702,23.371,95564.91,26.27,46.64
3620,42.678,23.254,94098.34,17.36,95.73
2266,42.738,23.272,95469.8,34.2,25.71
3428,42.624,23.406,95466.98,19.78,54.12
3428,42.624,23.406,94876.69,31.26,46.81
3092,42.666,23.284,94488.13,23.44,0.0
1962,42.69,23.324,95422.43,24.34,54.8
2036,42.657,23.349,95187.38,16.48,78.17
3836,42.702,23.371,94465.51,32.2,31.21
3968,42.689,23.357,95134.97,28.98,43.27
3738,42.7,23.332,95132.58,27.57,46.36
2036,42.657,23.349,94449.48,18.11,61.3
2228,42.693,23.333,95675.16,22.58,46.51
2230,42.692,23.332,95531.3,25.19,55.22
3092,42.666,23.284,94079.58,16.46,0.0
2607,42.66,23.319,93700.89,23.13,63.31
3436,42.693,23.359,94941.0,23.54,43.89
2234,42.685,23.356,94785.15,37.64,23.08
1846,42.64,23.31,93755.17,19.56,63.28
2036,42.657,23.349,94712.37,30.2,33.34
2323,42.686,23.4,94603.0,17.66,79.7
2607,42.66,23.319,94811.52,20.1,80.2
3096,42.7,23.36,95925.66,19.0,58.88
2323,42.686,23.4,95553.75,15.22,86.36
1846,42.64,23.31,93931.93,17.3,83.75
3096,42.7,23.36,94842.98,20.02,75.4
2292,42.663,23.273,94763.91,31.44,31.58
2266,42.738,23.272,95196.19,20.31,74.06
3836,42.702,23.371,95673.95,17.21,82.54
2232,42.685,23.301,95465.73,20.35,60.92
3472,42.669,23.318,94635.98,25.25,46.99
2228,42.693,23.333,95635.11,19.94,60.24
3474,42.68,23.293,93573.13,28.61,43.12
2036,42.657,23.349,93914.17,19.0,76.59
2038,42.694,23.32,94652.22,22.23,67.78
3096,42.7,23.36,95728.96,28.64,34.34
3102,42.665,23.392,95470.98,23.58,50.95
3738,42.7,23.332,94969.3,30.37,27.98
3836,42.702,23.371,95665.58,22.37,57.23
3512,42.683,23.335,95041.58,30.29,26.85
2228,42.693,23.333,95017.73,24.76,40.54
1850,42.677,23.311,94973.33,33.53,26.87
1962,42.69,23.324,95557.87,30.88,30.03
2230,42.692,23.332,94423.59,22.74,69.25
3096,42.7,23.36,95675.59,31.4,29.55
3432,42.71,23.419,94739.34,19.28,81.09
3738,42.7,23.332,94529.69,27.66,49.32
3558,42.671,23.364,95330.63,36.71,20.72
2234,42.685,23.356,95446.93,26.59,40.22
3474,42.68,23.293,95414.48,18.28,70.8
1954,42.704,23.354,95488.54,16.93,73.77
3620,42.678,23.254,93846.61,21.91,68.37
3836,42.702,23.371,95404.92,33.99,36.14
3472,42.669,23.318,94176.59,18.77,77.28
3558,42.671,23.364,95307.34,26.12,44.75
2607,42.66,23.319,95174.85,20.56,58.89
3474,42.68,23.293,95052.03,25.71,43.57
3642,42.694,23.36,93930.42,22.69,66.76
1962,42.69,23.324,94880.27,27.59,38.8
2266,42.738,23.272,95907.58,32.18,38.57
3738,42.7,23.332,95053.11,37.45,17.71
3620,42.678,23.254,95111.25,17.81,80.09
3738,42.7,23.332,95524.21,26.89,42.42
3432,42.71,23.419,95810.13,22.9,63.05
2234,42.685,23.356,95074.23,21.19,45.52
1850,42.677,23.311,94678.67,29.94,37.28
2294,42.645,23.265,92546.84,27.93,40.36
2232,42.685,23.301,95376.53,25.55,38.29
2230,42.692,23.332,95685.16,29.05,33.62
2264,42.671,23.31,93856.66,32.43,34.19
3102,42.665,23.392,94983.76,25.85,34.52
2232,42.685,23.301,94572.44,26.33,49.5
3982,42.654,23.33,94863.36,32.85,0.0
3296,42.671,23.325,95040.39,25.41,42.4
3738,42.7,23.332,95543.48,28.65,38.47
1954,42.704,23.354,95522.0,16.39,77.27
2232,42.685,23.301,94971.83,27.06,42.75
2216,42.664,23.373,94189.88,17.2,93.15
3438,42.738,23.293,95793.82,19.15,71.92
2228,42.693,23.333,94929.84,26.42,46.95
2607,42.66,23.319,94685.73,30.38,34.95
1850,42.677,23.311,95455.16,18.42,72.05
3982,42.654,23.33,94784.14,25.85,0.0
2264,42.671,23.31,94455.32,32.02,37.43
2216,42.664,23.373,95446.41,19.15,72.94
3092,42.666,23.284,94347.75,18.13,0.0
2292,42.663,23.273,94860.03,19.71,56.77
2228,42.693,23.333,95475.48,24.86,53.11
1962,42.69,23.324,95478.78,23.17,52.76
1764,42.622,23.366,94037.84,22.86,47.46
2230,42.692,23.332,95323.48,20.74,62.6
3436,42.693,23.359,94122.45,25.32,58.79
2036,42.657,23.349,95178.7,15.57,81.61
3474,42.68,23.293,94797.83,23.54,39.17
3982,42.654,23.33,94967.5,21.37,0.0
2224,42.651,23.335,94818.84,20.82,55.31
3512,42.683,23.335,95778.95,24.89,46.71
3092,42.666,23.284,94859.53,23.5,0.0
3642,42.694,23.36,94967.45,20.75,64.12
3738,42.7,23.332,95559.64,31.37,30.52
1764,42.622,23.366,94319.91,19.73,71.51
3436,42.693,23.359,94387.73,18.02,81.73
1962,42.69,23.324,95556.69,30.35,28.77
2607,42.66,23.319,95122.3,27.69,30.96
1962,42.69,23.324,95149.41,40.25,19.18
3982,42.654,23.33,94832.61,25.34,0.0
1954,42.704,23.354,95736.23,20.25,63.25
2216,42.664,23.373,95301.11,31.74,30.81
3512,42.683,23.335,95367.5,36.23,30.24
2294,42.645,23.265,92796.92,32.26,30.29
2234,42.685,23.356,95303.89,24.19,50.48
1850,42.677,23.311,94251.53,32.65,31.84
3432,42.71,23.419,96117.1,18.64,75.35
4479,42.675,23.24,93012.22,26.61,45.52
2323,42.686,23.4,94563.12,19.74,79.4
3096,42.7,23.36,95862.3,23.52,51.59
1952,42.709,23.398,95267.4,20.4,55.58
2264,42.671,23.31,95514.6,29.37,28.34
3432,42.71,23.419,95236.19,27.67,32.86
2038,42.694,23.32,95536.72,29.21,29.12
1850,42.677,23.311,95190.67,21.27,63.98
2228,42.693,23.333,94398.69,17.17,82.74
2040,42.686,23.351,94744.45,35.59,29.71
2292,42.663,23.273,94545.14,20.56,45.56
4479,42.675,23.24,94374.16,24.26,43.36
2262,42.691,23.324,95284.85,31.13,30.44
2040,42.686,23.351,95252.78,34.18,22.38
3096,42.7,23.36,95748.8,22.48,55.73
2262,42.691,23.324,94839.3,39.32,21.97
2234,42.685,23.356,94791.92,24.53,39.54
2262,42.691,23.324,94625.68,17.64,84.84
3436,42.693,23.359,95400.02,18.53,65.53
3428,42.624,23.406,94934.7,29.16,46.63
2232,42.685,23.301,94864.62,30.39,31.93
2230,42.692,23.332,94894.2,19.85,59.01
3436,42.693,23.359,95414.27,21.62,79.43
3500,42.703,23.349,95518.76,21.68,71.18
2234,42.685,23.356,95630.55,17.51,85.87
3982,42.654,23.33,94386.3,24.95,0.0
2264,42.671,23.31,95355.34,20.62,65.18
4473,42.625,23.321,93512.9,21.81,60.72
2216,42.664,23.373,94757.5,24.86,39.88
2294,42.645,23.265,91901.3,20.67,72.88
3472,42.669,23.318,95120.16,21.34,61.17
2224,42.651,23.335,93808.33,21.81,63.92
3092,42.666,23.284,94389.38,23.7,0.0
1954,42.704,23.354,95545.5,16.63,74.14
2323,42.686,23.4,95925.59,15.5,78.96
1954,42.704,23.354,95668.27,21.82,49.98
2607,42.66,23.319,94953.34,22.49,63.1
2038,42.694,23.32,94567.66,19.75,76.06
2230,42.692,23.332,95383.22,28.4,47.36
4479,42.675,23.24,93128.68,26.89,43.41
1954,42.704,23.354,95465.73,18.6,64.6
3620,42.678,23.254,94283.5,20.94,73.84
2266,42.738,23.272,95042.65,40.01,20.09
1846,42.64,23.31,92966.97,15.11,100.0
1850,42.677,23.311,94684.61,20.74,55.11
3096,42.7,23.36,94520.17,22.76,66.41
3472,42.669,23.318,94546.66,23.57,59.75
3428,42.624,23.406,94117.05,21.89,65.78
4477,42.629,23.301,92635.3,30.59,31.13
2292,42.663,23.273,93944.25,16.17,87.91
2216,42.664,23.373,95312.61,26.07,36.49
3474,42.68,23.293,95089.94,31.98,38.01
2036,42.657,23.349,94421.84,19.57,59.46
1764,42.622,23.366,94201.11,30.18,45.58
1846,42.64,23.31,94323.58,32.11,27.43
3738,42.7,23.332,95740.63,21.75,52.82
3092,42.666,23.284,95162.89,17.53,0.0
2232,42.685,23.301,94113.09,26.94,40.47
2230,42.692,23.332,95597.8,20.78,59.86
1954,42.704,23.354,94716.06,18.53,80.66
3836,42.702,23.371,95901.24,23.08,55.06
3096,42.7,23.36,95432.66,31.47,38.22
3472,42.669,23.318,94752.71,27.09,37.79
2292,42.663,23.273,94154.7,24.61,38.76
4471,42.698,23.291,95684.14,18.56,66.78
3620,42.678,23.254,94786.07,19.6,74.51
3096,42.7,23.36,95704.16,24.74,58.86
3436,42.693,23.359,94821.69,31.38,39.82
3836,42.702,23.371,95631.8,30.28,35.72
3096,42.7,23.36,95608.23,31.75,30.94
3472,42.669,23.318,94739.59,24.71,50.83
2224,42.651,23.335,94895.64,32.02,37.65
1952,42.709,23.398,95307.69,27.48,38.78
1846,42.64,23.31,93844.98,39.87,25.97
2228,42.693,23.333,95389.5,30.46,30.5
3428,42.624,23.406,94175.83,30.8,37.38
2228,42.693,23.333,95574.73,22.4,50.75
1962,42.69,23.324,95439.38,32.45,23.58
4477,42.629,23.301,92787.61,17.68,71.46
3102,42.665,23.392,95744.69,31.66,29.3
3102,42.665,23.392,95716.77,26.45,36.75
2036,42.657,23.349,93935.83,16.22,88.32
1846,42.64,23.31,94035.66,32.41,31.03
1764,42.622,23.366,93794.27,21.27,53.75
2234,42.685,23.356,95407.67,21.48,64.18
1764,42.622,23.366,93899.64,23.17,45.21
1846,42.64,23.31,93081.28,22.72,53.79
1850,42.677,23.311,95019.83,19.52,67.67
2607,42.66,23.319,95004.86,21.52,52.45
3096,42.7,23.36,95411.95,35.18,21.19
1954,42.704,23.354,94982.78,25.99,38.85
2216,42.664,23.373,94420.07,22.77,64.06
2264,42.671,23.31,94562.03,22.78,63.03
1962,42.69,23.324,95270.73,20.25,61.67
2262,42.691,23.324,95535.78,19.94,62.52
3738,42.7,23.332,95131.05,27.68,46.32
1846,42.64,23.31,93507.89,26.67,50.91
3432,42.71,23.419,95720.89,22.1,62.04
1764,42.622,23.366,94073.27,18.3,63.32
3296,42.671,23.325,95009.19,23.61,48.91
3474,42.68,23.293,93680.53,27.83,43.6
2294,42.645,23.265,92428.59,39.71,14.45
2224,42.651,23.335,93990.71,23.33,57.03
3982,42.654,23.33,93877.48,29.2,0.0
3432,42.71,23.419,94877.66,33.45,34.98
3432,42.71,23.419,95340.84,23.39,67.84
1846,42.64,23.31,93703.69,25.53,49.14
2232,42.685,23.301,95369.98,17.6,65.09
3438,42.738,23.293,94998.66,29.96,40.96
3620,42.678,23.254,94777.63,25.63,54.08
2228,42.693,23.333,95402.45,30.05,31.02
3738,42.7,23.332,95644.58,20.38,59.92
3472,42.669,23.318,93503.9,26.61,52.48
3512,42.683,23.335,95202.98,20.18,57.91
3102,42.665,23.392,95425.91,25.39,44.08
2262,42.691,23.324,94786.28,28.05,43.69
2266,42.738,23.272,95800.64,26.46,39.44
3512,42.683,23.335,94883.16,25.07,48.27
2228,42.693,23.333,95674.14,19.27,65.62
3296,42.671,23.325,94738.45,35.17,25.82
1850,42.677,23.311,94618.25,29.91,34.97
3436,42.693,23.359,95090.75,24.02,39.76
2040,42.686,23.351,95801.11,16.97,96.84
3500,42.703,23.349,95610.46,23.31,49.93
3642,42.694,23.36,94828.45,42.19,20.67
2040,42.686,23.351,95322.99,27.2,41.39
2224,42.651,23.335,94943.3,31.84,24.82
2036,42.657,23.349,94011.7,23.2,48.67
1846,42.64,23.31,94196.75,19.26,65.03
2230,42.692,23.332,94933.16,24.06,48.69
3836,42.702,23.371,95686.96,15.99,79.6
1764,42.622,23.366,94661.48,27.79,27.79
3102,42.665,23.392,94424.78,17.52,76.81
4358,42.703,23.373,95567.19,30.43,33.32
2234,42.685,23.356,95547.83,19.64,63.83
2323,42.686,23.4,94985.56,24.61,38.89
3096,42.7,23.36,95319.64,30.55,29.17
1962,42.69,23.324,95705.95,17.75,82.44
4477,42.629,23.301,92699.58,19.34,66.99
3438,42.738,23.293,94106.38,34.07,28.68
2036,42.657,23.349,94909.48,20.15,62.54
2262,42.691,23.324,95257.38,22.44,67.29
1764,42.622,23.366,94705.7,20.74,59.66
2266,42.738,23.272,95464.94,23.48,65.93
2040,42.686,23.351,117638.84,-145.12,100.0
3092,42.666,23.284,94989.87,26.62,45.04
2224,42.651,23.335,95260.8,23.99,54.11
3620,42.678,23.254,93714.47,20.45,79.97
3738,42.7,23.332,95637.9,22.87,65.62
3500,42.703,23.349,95714.17,41.48,15.87
3620,42.678,23.254,94738.33,27.0,58.64
2038,42.694,23.32,95771.7,19.15,75.15
3102,42.665,23.392,95622.04,23.98,40.91
1952,42.709,23.398,95946.02,18.93,63.62
3836,42.702,23.371,95278.22,31.08,29.19
1954,42.704,23.354,95321.4,26.73,52.61
1850,42.677,23.311,94708.88,29.14,43.95
3296,42.671,23.325,93806.56,20.62,80.92
3738,42.7,23.332,95118.84,26.8,44.48
3500,42.703,23.349,94989.3,31.26,41.92
1846,42.64,23.31,93459.02,19.17,61.77
2232,42.685,23.301,95029.85,33.09,27.76
2040,42.686,23.351,95356.33,20.04,64.8
2038,42.694,23.32,95207.98,34.86,32.56
3836,42.702,23.371,95236.22,28.96,33.11
3472,42.669,23.318,94870.61,17.08,71.36
2262,42.691,23.324,95089.46,37.79,27.83
2036,42.657,23.349,94875.7,25.02,49.05
2224,42.651,23.335,93882.91,19.56,70.22
3474,42.68,23.293,94961.66,23.99,67.57
3428,42.624,23.406,94770.33,22.62,66.93
3474,42.68,23.293,94504.99,21.09,51.28
2323,42.686,23.4,95732.27,27.49,32.35
1962,42.69,23.324,95296.7,37.71,21.37
2230,42.692,23.332,95482.95,23.73,58.86
4475,42.654,23.316,94961.59,29.36,34.26
3428,42.624,23.406,94767.55,33.76,24.95
2234,42.685,23.356,95664.43,17.5,85.64
3436,42.693,23.359,95518.65,28.35,36.36
1954,42.704,23.354,94482.95,19.43,71.75
2323,42.686,23.4,95847.36,23.89,47.42
1954,42.704,23.354,95464.04,22.34,56.87
2228,42.693,23.333,95411.89,17.97,68.45
3102,42.665,23.392,95066.74,17.72,78.05
2264,42.671,23.31,95038.05,27.09,45.22
3296,42.671,23.325,94638.09,20.86,49.0
3500,42.703,23.349,95461.13,39.83,24.71
1846,42.64,23.31,93606.42,22.23,65.0
2230,42.692,23.332,95404.66,26.58,60.24
3102,42.665,23.392,95714.62,34.9,26.77
2607,42.66,23.319,94322.48,29.25,42.13
2323,42.686,23.4,95393.34,28.46,53.86
3432,42.71,23.419,95736.73,18.05,76.62
3432,42.71,23.419,95825.59,31.6,33.39
1764,42.622,23.366,94336.17,25.39,44.08
2607,42.66,23.319,95070.55,19.22,66.4
2216,42.664,23.373,95365.94,26.51,37.21
3102,42.665,23.392,95348.91,26.97,40.1
2216,42.664,23.373,95161.55,18.25,72.67
2038,42.694,23.32,95481.48,17.04,71.67
3474,42.68,23.293,94883.98,30.89,33.26
4475,42.654,23.316,93434.44,27.53,43.54
3500,42.703,23.349,95286.38,27.71,47.17
2262,42.691,23.324,94784.73,28.21,44.08
2232,42.685,23.301,94565.95,28.27,37.3
3620,42.678,23.254,94764.2,22.3,71.7
2323,42.686,23.4,95596.16,19.65,66.24
2224,42.651,23.335,93773.48,22.3,63.74
1764,42.622,23.366,94364.61,30.58,32.14
2036,42.657,23.349,94948.58,21.02,63.44
3512,42.683,23.335,95131.08,31.22,28.42
3472,42.669,23.318,94750.66,27.1,37.98
3472,42.669,23.318,94085.5,17.76,82.89
1846,42.64,23.31,93413.41,57.57,10.88
2224,42.651,23.335,94787.85,19.09,64.45
3738,42.7,23.332,94927.73,34.58,27.95
3642,42.694,23.36,95297.24,15.9,78.74
2224,42.651,23.335,94695.22,32.33,38.31
3296,42.671,23.325,94643.33,20.89,66.63
2036,42.657,23.349,94471.02,25.06,37.43
1952,42.709,23.398,95383.91,24.75,49.69
3472,42.669,23.318,94604.73,32.23,28.81
2230,42.692,23.332,95619.11,27.88,37.0
1850,42.677,23.311,95461.07,22.4,50.17
2262,42.691,23.324,95081.86,24.29,55.12
3092,42.666,23.284,94885.81,24.73,0.0
1764,42.622,23.366,94531.44,20.03,70.01
3432,42.71,23.419,94724.84,20.74,80.78
2036,42.657,23.349,94965.48,23.52,52.83
3968,42.689,23.357,95133.63,24.39,53.7
3436,42.693,23.359,94937.02,32.11,28.66
3092,42.666,23.284,94898.99,29.04,34.11
1846,42.64,23.31,93579.35,22.81,67.39
1954,42.704,23.354,94997.39,37.63,21.34
2040,42.686,23.351,94123.77,22.88,69.21
3472,42.669,23.318,94502.45,21.76,55.59
2040,42.686,23.351,95703.27,32.05,27.87
3500,42.703,23.349,95236.39,25.58,51.44
2234,42.685,23.356,95415.44,34.28,24.89
2036,42.657,23.349,94967.29,20.68,64.77
2230,42.692,23.332,94929.36,27.47,41.07
3620,42.678,23.254,94438.36,28.9,36.97
2040,42.686,23.351,95833.83,15.67,88.9
1846,42.64,23.31,94239.75,20.26,60.43
2607,42.66,23.319,95146.13,18.26,61.7
3836,42.702,23.371,94931.33,17.28,92.75
3428,42.624,23.406,93835.14,25.7,57.65
1850,42.677,23.311,95018.57,19.45,58.67
2292,42.663,23.273,94683.95,21.85,57.15
3296,42.671,23.325,94341.23,32.1,31.6
2323,42.686,23.4,94986.64,29.79,17.83
4558,42.706,23.38,95829.82,23.42,51.01
3472,42.669,23.318,93674.45,20.66,66.8
3642,42.694,23.36,95065.95,21.33,70.85
2294,42.645,23.265,93175.73,20.64,54.45
1764,42.622,23.366,93832.05,22.25,58.48
2294,42.645,23.265,92451.06,24.68,52.65
2232,42.685,23.301,95342.61,21.89,55.19
1850,42.677,23.311,94691.07,22.55,45.24
3968,42.689,23.357,94655.23,22.06,51.81
3968,42.689,23.357,95379.92,20.74,62.56
1764,42.622,23.366,94197.52,24.11,67.68
3438,42.738,23.293,95464.63,24.59,50.01
3428,42.624,23.406,94517.98,32.35,33.74
2294,42.645,23.265,92993.23,17.87,71.35
3096,42.7,23.36,94891.74,36.19,27.66
3432,42.71,23.419,96091.7,21.56,74.31
2232,42.685,23.301,94436.52,19.75,52.54
1962,42.69,23.324,94870.18,24.76,54.4
2323,42.686,23.4,95705.14,27.14,33.6
2230,42.692,23.332,95021.05,29.72,40.24
3432,42.71,23.419,95757.0,18.01,85.21
3428,42.624,23.406,95001.89,18.57,73.65
2264,42.671,23.31,94662.44,30.42,37.68
3438,42.738,23.293,95634.71,26.64,51.66
2230,42.692,23.332,95323.42,31.88,42.08
2323,42.686,23.4,94421.02,20.31,78.39
3432,42.71,23.419,95505.02,22.05,46.21
2232,42.685,23.301,93809.08,25.65,55.99
2224,42.651,23.335,94777.5,26.14,41.9
2262,42.691,23.324,95367.42,16.78,81.11
2292,42.663,23.273,94231.14,19.93,55.84
2230,42.692,23.332,95522.87,27.32,37.78
3836,42.702,23.371,95314.79,22.34,61.48
3512,42.683,23.335,94810.34,35.8,29.67
1952,42.709,23.398,95780.52,19.53,77.9
3512,42.683,23.335,95546.48,25.29,42.25
1764,42.622,23.366,94136.39,32.9,36.31
3738,42.7,23.332,95606.3,36.92,19.68
3438,42.738,23.293,94446.53,28.5,47.21
1850,42.677,23.311,94976.39,21.06,61.14
2323,42.686,23.4,95922.8,23.65,48.29
2216,42.664,23.373,95129.95,27.87,41.53
1764,42.622,23.366,93248.86,19.04,77.25
3836,42.702,23.371,95860.58,22.78,61.66
3982,42.654,23.33,95096.85,29.33,0.0
2232,42.685,23.301,94967.95,19.11,58.44
2292,42.663,23.273,94976.97,24.36,48.65
2234,42.685,23.356,94904.94,27.48,41.05
3500,42.703,23.349,95378.08,50.11,8.19
2228,42.693,23.333,95425.03,22.16,60.68
1952,42.709,23.398,95922.72,29.08,31.73
2607,42.66,23.319,94791.84,19.7,58.65
1764,42.622,23.366,93297.39,16.71,84.24
1764,42.622,23.366,93549.29,18.79,75.04
3512,42.683,23.335,94962.5,29.99,29.12
2230,42.692,23.332,95524.24,20.92,64.59
3296,42.671,23.325,94940.91,21.09,59.51
3512,42.683,23.335,94705.76,18.15,61.66
3500,42.703,23.349,95498.08,36.48,29.23
2607,42.66,23.319,94851.47,33.3,29.89
2266,42.738,23.272,95563.29,35.78,24.09
3558,42.671,23.364,95115.77,24.35,42.83
2323,42.686,23.4,95756.64,22.78,53.37
2264,42.671,23.31,94621.73,22.74,47.66
2607,42.66,23.319,94685.43,32.59,26.33
3472,42.669,23.318,94381.7,27.32,37.13
3102,42.665,23.392,94738.77,20.5,67.89
2323,42.686,23.4,94613.92,31.72,31.93
1764,42.622,23.366,94535.72,38.23,22.73
2323,42.686,23.4,94944.62,26.37,36.49
1954,42.704,23.354,95266.88,21.54,44.3
3438,42.738,23.293,95348.44,30.91,51.23
1764,42.622,23.366,94178.41,18.04,68.64
2262,42.691,23.324,94305.48,17.61,80.7
2230,42.692,23.332,95695.41,19.77,62.8
4475,42.654,23.316,94120.84,17.6,58.79
1846,42.64,23.31,93345.38,41.14,18.15
1850,42.677,23.311,95477.36,24.44,43.83
4471,42.698,23.291,95575.01,27.49,36.69
4477,42.629,23.301,92692.55,17.72,71.98
1764,42.622,23.366,94325.51,26.21,47.4
3102,42.665,23.392,95684.83,32.47,31.77
3982,42.654,23.33,94862.63,18.53,0.0
1764,42.622,23.366,93833.76,27.95,39.33
4475,42.654,23.316,94917.4,20.2,64.12
2607,42.66,23.319,94705.45,25.7,44.91
1846,42.64,23.31,93794.66,24.74,49.92
3642,42.694,23.36,94344.86,23.55,57.13
2266,42.738,23.272,95252.03,25.1,48.49
3438,42.738,23.293,95687.94,21.27,58.19
3432,42.71,23.419,95708.42,27.68,49.44
3500,42.703,23.349,94541.28,28.14,35.7
1764,42.622,23.366,94092.36,18.94,68.73
3474,42.68,23.293,94227.99,18.7,82.79
1952,42.709,23.398,95341.27,23.18,57.65
2262,42.691,23.324,95245.39,22.77,53.47
2216,42.664,23.373,94743.2,25.38,39.53
1764,42.622,23.366,93005.75,30.82,38.17
2607,42.66,23.319,95018.73,21.93,54.08
2224,42.651,23.335,94337.41,31.59,36.83
2292,42.663,23.273,94765.08,14.49,84.16
3096,42.7,23.36,94543.13,32.8,35.1
3738,42.7,23.332,95045.19,27.15,48.54
2228,42.693,23.333,95540.11,22.86,53.6
3968,42.689,23.357,95172.86,16.32,84.7
3512,42.683,23.335,95232.83,40.06,25.04
2038,42.694,23.32,95349.16,30.5,36.12
3438,42.738,23.293,95904.24,16.17,70.14
2224,42.651,23.335,94741.96,30.2,42.52
3500,42.703,23.349,95234.86,30.96,42.02
3432,42.71,23.419,95341.55,22.63,64.49
3436,42.693,23.359,95505.19,25.7,35.68
1954,42.704,23.354,95282.02,22.03,55.94
2323,42.686,23.4,94900.53,16.17,68.7
2040,42.686,23.351,117638.84,-145.12,100.0
3438,42.738,23.293,95727.95,27.88,36.98
1952,42.709,23.398,95325.74,20.47,66.45
3472,42.669,23.318,94221.75,31.52,29.07
3558,42.671,23.364,95189.09,16.26,77.16
2323,42.686,23.4,95878.77,19.66,57.83
2264,42.671,23.31,95023.75,35.4,22.93
3512,42.683,23.335,94727.89,28.86,44.22
1850,42.677,23.311,95058.79,28.8,47.53
4471,42.698,23.291,94226.1,26.72,42.46
3738,42.7,23.332,94665.95,33.73,28.51
2228,42.693,23.333,94930.69,19.21,69.3
3968,42.689,23.357,95291.1,26.24,54.49
3836,42.702,23.371,95565.39,23.88,61.2
2036,42.657,23.349,95309.95,16.06,92.35
1952,42.709,23.398,95642.95,29.02,42.93
4358,42.703,23.373,95615.72,23.73,49.82
2292,42.663,23.273,94743.63,14.47,89.08
2323,42.686,23.4,95866.88,20.14,59.9
3620,42.678,23.254,95044.03,33.33,39.72
3512,42.683,23.335,94339.56,20.18,73.99
3558,42.671,23.364,94551.75,17.03,88.47
4358,42.703,23.373,95707.8,24.59,46.85
3102,42.665,23.392,94419.5,31.34,36.49
2224,42.651,23.335,95049.59,20.24,54.82
2038,42.694,23.32,94917.49,26.32,49.02
3500,42.703,23.349,95166.22,23.08,46.73
1850,42.677,23.311,94923.02,24.92,61.79
3102,42.665,23.392,95581.36,39.48,20.28
2036,42.657,23.349,94413.51,24.61,58.18
3982,42.654,23.33,94545.47,36.43,0.0
2294,42.645,23.265,93158.77,20.81,52.74
3472,42.669,23.318,94844.03,21.14,53.59
3092,42.666,23.284,94400.52,23.96,0.0
3474,42.68,23.293,94678.81,29.1,27.25
3472,42.669,23.318,95016.58,26.05,42.48
1764,42.622,23.366,94037.75,22.64,47.75
1846,42.64,23.31,93248.51,21.64,64.45
3472,42.669,23.318,95101.75,22.88,50.67
2036,42.657,23.349,95368.33,18.95,58.36
2224,42.651,23.335,95128.34,26.86,41.09
2266,42.738,23.272,95825.32,26.96,44.62
3428,42.624,23.406,95286.94,18.47,69.67
4358,42.703,23.373,95342.18,20.64,64.37
2036,42.657,23.349,94597.03,22.86,44.09
3472,42.669,23.318,94814.8,25.45,44.2
2228,42.693,23.333,95134.4,24.04,40.87
3096,42.7,23.36,95448.04,35.85,29.9
1764,42.622,23.366,94071.37,28.51,32.02
2232,42.685,23.301,95040.98,31.13,30.82
1764,42.622,23.366,92963.84,29.44,42.97
2323,42.686,23.4,95139.2,22.61,64.19
2228,42.693,23.333,94943.63,20.13,54.65
2266,42.738,23.272,95757.23,31.43,41.32
3500,42.703,23.349,95473.64,17.2,83.59
3968,42.689,23.357,95054.7,31.32,40.34
3620,42.678,23.254,94361.07,25.99,47.26
2607,42.66,23.319,94808.95,19.27,62.72
1846,42.64,23.31,92671.41,30.45,41.23
3512,42.683,23.335,95762.33,14.63,82.29
4471,42.698,23.291,94171.08,28.48,47.31
3428,42.624,23.406,94614.73,33.06,26.25
3512,42.683,23.335,95333.69,17.42,72.3
3428,42.624,23.406,95071.81,34.54,36.19
2228,42.693,23.333,95237.34,19.07,58.15
2264,42.671,23.31,94046.8,24.38,65.07
3836,42.702,23.371,95167.88,39.43,22.96
2234,42.685,23.356,94275.91,18.11,82.42
3474,42.68,23.293,94810.59,22.19,48.01
2264,42.671,23.31,94521.59,20.21,74.86
3428,42.624,23.406,95154.92,23.11,59.85
3472,42.669,23.318,94910.55,33.98,21.52
2232,42.685,23.301,95372.85,25.05,44.62
2230,42.692,23.332,94430.34,30.39,46.67
3472,42.669,23.318,94290.23,26.52,35.04
3428,42.624,23.406,94104.2,30.29,44.33
2607,42.66,23.319,94873.52,14.15,90.14
2036,42.657,23.349,94999.97,32.68,27.46
1850,42.677,23.311,94645.94,25.96,53.53
2228,42.693,23.333,95361.78,21.84,69.49
1764,42.622,23.366,94321.57,17.63,63.81
3438,42.738,23.293,95779.77,21.59,54.63
1846,42.64,23.31,93971.03,20.5,62.84
2234,42.685,23.356,94364.94,34.61,25.88
1850,42.677,23.311,95449.95,27.82,34.68
3836,42.702,23.371,95052.75,33.06,22.79
1954,42.704,23.354,95179.38,34.04,37.26
2323,42.686,23.4,94885.94,17.64,63.05
2040,42.686,23.351,95052.89,25.63,46.83
1850,42.677,23.311,94751.75,28.71,47.82
3500,42.703,23.349,95458.0,40.7,14.39
2264,42.671,23.31,95392.42,27.53,36.69
2264,42.671,23.31,94688.27,27.47,51.41
3738,42.7,23.332,94980.99,28.5,32.13
3438,42.738,23.293,95477.12,22.34,63.58
3438,42.738,23.293,95377.77,25.89,56.7
2036,42.657,23.349,94863.81,17.19,88.32
1952,42.709,23.398,96095.44,17.39,85.64
2040,42.686,23.351,95268.63,33.39,28.51
3428,42.624,23.406,94996.75,28.94,38.05
2262,42.691,23.324,95078.06,31.48,35.35
2294,42.645,23.265,93002.83,16.42,60.66
1952,42.709,23.398,95873.09,25.33,47.03
3982,42.654,23.33,93615.1,26.21,0.0
2224,42.651,23.335,95059.33,20.7,57.64
2038,42.694,23.32,95518.14,17.24,69.63
4471,42.698,23.291,94345.95,21.93,74.73
3092,42.666,23.284,94853.05,18.01,0.0
3472,42.669,23.318,94717.14,23.58,60.82
3836,42.702,23.371,95616.05,26.37,47.12
3296,42.671,23.325,94412.05,31.22,28.73
1764,42.622,23.366,93935.55,20.06,85.48
3512,42.683,23.335,95134.94,23.36,41.71
2232,42.685,23.301,95264.88,24.35,46.66
2266,42.738,23.272,95502.1,18.31,65.71
2323,42.686,23.4,95800.09,25.35,48.19
2216,42.664,23.373,94705.11,34.39,26.09
3096,42.7,23.36,95661.04,26.46,45.31
2323,42.686,23.4,94914.91,33.69,17.74
1954,42.704,23.354,95261.42,20.3,49.61
3102,42.665,23.392,94445.48,17.58,80.93
2228,42.693,23.333,95573.11,24.2,42.67
2224,42.651,23.335,94946.48,30.25,32.24
1954,42.704,23.354,95901.64,25.61,44.63
1850,42.677,23.311,95487.14,25.77,41.08
3472,42.669,23.318,94249.13,29.53,33.09
3102,42.665,23.392,94194.12,28.47,46.15
2216,42.664,23.373,95416.75,24.38,42.47
2607,42.66,23.319,94463.05,21.33,68.4
2262,42.691,23.324,95357.58,22.5,66.45
2036,42.657,23.349,94431.44,27.15,45.4
3092,42.666,23.284,94881.22,16.69,0.0
3474,42.68,23.293,95022.41,27.67,49.3
1764,42.622,23.366,93460.05,22.16,62.31
3512,42.683,23.335,94922.75,21.07,55.46
3096,42.7,23.36,94789.88,22.68,61.45
3102,42.665,23.392,94010.3,31.79,31.8
3968,42.689,23.357,95289.66,25.14,41.39
2262,42.691,23.324,95210.63,29.58,41.62
1846,42.64,23.31,94077.94,21.27,70.4
1846,42.64,23.31,93500.53,32.68,37.0
1954,42.704,23.354,94215.69,33.62,35.35
2266,42.738,23.272,94691.97,19.16,81.83
2292,42.663,23.273,94283.53,36.02,20.74
1952,42.709,23.398,95675.22,16.51,87.81
2232,42.685,23.301,95226.77,29.29,32.01
3620,42.678,23.254,93834.56,17.34,86.65
4467,42.665,23.278,93592.05,29.9,46.16
2294,42.645,23.265,93282.94,14.34,65.6
2607,42.66,23.319,94930.8,29.47,34.78
3102,42.665,23.392,95619.95,24.15,44.73
2232,42.685,23.301,94811.72,35.59,25.49
2228,42.693,23.333,94422.49,17.84,78.05
3438,42.738,23.293,95251.6,22.31,43.95
2036,42.657,23.349,94618.48,23.12,63.17
3474,42.68,23.293,93624.74,28.06,48.06
3428,42.624,23.406,95134.98,19.4,70.12
2224,42.651,23.335,95077.87,31.61,29.45
1954,42.704,23.354,95261.38,28.69,47.22
2036,42.657,23.349,94939.95,21.32,63.72
2294,42.645,23.265,93123.75,25.28,43.39
1846,42.64,23.31,94208.05,34.89,29.03
2264,42.671,23.31,94847.75,27.53,36.24
2036,42.657,23.349,95238.89,22.08,52.51
2323,42.686,23.4,95597.86,15.59,86.31
2264,42.671,23.31,95364.37,34.76,24.44
3836,42.702,23.371,95367.17,25.85,45.69
1962,42.69,23.324,94638.59,21.86,68.64
2262,42.691,23.324,95269.09,19.53,75.26
2294,42.645,23.265,92323.77,16.19,63.08
2036,42.657,23.349,93976.39,15.66,94.91
3096,42.7,23.36,95144.97,24.83,58.52
2232,42.685,23.301,94599.38,28.02,36.78
2224,42.651,23.335,94874.73,16.31,78.59
4558,42.706,23.38,95642.06,29.48,34.1
3436,42.693,23.359,95179.78,16.67,84.68
4473,42.625,23.321,93452.68,25.87,39.28
3428,42.624,23.406,95299.59,25.7,41.71
3474,42.68,23.293,94665.15,25.18,52.85
1846,42.64,23.31,93590.7,22.27,66.62
2036,42.657,23.349,95042.16,28.43,30.69
1764,42.622,23.366,94185.98,15.39,88.18
2323,42.686,23.4,94581.64,17.93,89.19
3620,42.678,23.254,94740.27,27.73,43.98
2224,42.651,23.335,94643.16,21.67,54.27
2224,42.651,23.335,95247.83,19.02,64.04
3738,42.7,23.332,95522.11,25.92,65.16
3092,42.666,23.284,94808.17,23.25,0.0
2040,42.686,23.351,117638.84,-145.12,100.0
1764,42.622,23.366,94372.24,24.67,53.95
1962,42.69,23.324,95032.52,26.67,51.14
3092,42.666,23.284,94193.82,20.96,52.08
3968,42.689,23.357,95007.52,26.94,58.91
4469,42.665,23.293,94135.31,26.95,36.03
3642,42.694,23.36,95178.66,16.34,78.48
1962,42.69,23.324,94808.19,22.24,61.7
3102,42.665,23.392,95131.5,31.49,22.57
2323,42.686,23.4,95676.22,25.92,41.29
2607,42.66,23.319,94688.29,25.09,64.95
2323,42.686,23.4,95890.88,16.83,88.89
2323,42.686,23.4,95429.09,17.76,66.6
4473,42.625,23.321,92229.45,26.88,50.04
3432,42.71,23.419,95902.27,35.44,28.7
2262,42.691,23.324,94558.41,33.21,30.3
1954,42.704,23.354,95877.1,16.69,63.62
3428,42.624,23.406,94920.67,25.57,55.62
3982,42.654,23.33,95137.02,21.33,0.0
1962,42.69,23.324,94529.23,21.27,72.03
2234,42.685,23.356,95032.7,25.82,42.06
2036,42.657,23.349,94087.03,17.37,84.01
2262,42.691,23.324,94225.2,26.23,59.57
3432,42.71,23.419,96103.91,22.35,63.11
2232,42.685,23.301,94005.91,27.46,47.54
1962,42.69,23.324,95502.27,29.56,33.41
2036,42.657,23.349,95162.84,26.27,37.39
3438,42.738,23.293,95761.36,20.15,63.19
3982,42.654,23.33,94384.2,22.33,0.0
2294,42.645,23.265,93011.0,15.91,65.66
2262,42.691,23.324,95097.23,20.22,52.03
1952,42.709,23.398,96086.7,19.18,69.28
3474,42.68,23.293,94738.26,33.85,36.2
3438,42.738,23.293,95102.63,23.69,53.34
2264,42.671,23.31,94702.53,24.81,44.36
2036,42.657,23.349,94541.22,20.51,71.05
1954,42.704,23.354,95133.91,26.78,41.47
2323,42.686,23.4,95660.31,23.64,50.69
3438,42.738,23.293,95358.94,39.99,21.61
1850,42.677,23.311,95244.14,19.13,70.03
1954,42.704,23.354,95410.81,19.98,59.81
2036,42.657,23.349,94789.32,30.56,32.82
3642,42.694,23.36,95460.33,30.3,37.31
3968,42.689,23.357,94957.11,36.68,28.32
1846,42.64,23.31,93275.39,20.92,61.81
2323,42.686,23.4,95591.27,15.62,88.8
3096,42.7,23.36,95860.56,19.97,72.59
2216,42.664,23.373,95418.11,33.19,35.4
3438,42.738,23.293,95266.05,21.79,49.52
2228,42.693,23.333,95503.95,23.94,50.63
2262,42.691,23.324,95558.53,25.56,47.47
2040,42.686,23.351,95589.65,20.41,57.79
2038,42.694,23.32,95519.08,19.21,60.13
2038,42.694,23.32,95485.62,30.34,30.13
3474,42.68,23.293,95013.06,27.71,41.79
2038,42.694,23.32,94799.47,39.32,17.46
3296,42.671,23.325,95085.91,45.58,11.52
4471,42.698,23.291,94397.18,28.86,45.65
3836,42.702,23.371,95724.87,29.05,42.22
2264,42.671,23.31,95318.02,25.27,49.9
3982,42.654,23.33,93776.63,21.76,0.0
2264,42.671,23.31,94579.98,22.29,63.82
2323,42.686,23.4,95323.03,30.96,30.81
2036,42.657,23.349,94019.02,23.99,48.51
3472,42.669,23.318,94714.5,16.64,76.68
2323,42.686,23.4,95018.92,29.89,39.87
4471,42.698,23.291,94548.45,25.23,45.26
2264,42.671,23.31,95456.45,28.56,38.56
1846,42.64,23.31,94270.13,17.39,70.58
3436,42.693,23.359,95322.28,17.42,78.4
2224,42.651,23.335,94278.23,30.63,36.41
3092,42.666,23.284,93778.61,23.47,53.32
3738,42.7,23.332,95069.41,31.62,37.52
3620,42.678,23.254,94775.45,23.1,58.7
2323,42.686,23.4,95610.07,19.49,74.05
4475,42.654,23.316,94878.45,33.59,25.66
4477,42.629,23.301,92772.34,26.39,47.92
2224,42.651,23.335,94798.09,28.98,46.51
2294,42.645,23.265,91911.84,18.79,79.89
2266,42.738,23.272,95037.63,24.72,60.7
2224,42.651,23.335,94601.12,36.17,28.67
3102,42.665,23.392,95306.5,27.38,45.19
1850,42.677,23.311,94142.66,19.0,89.78
1850,42.677,23.311,95035.54,33.07,37.71
2036,42.657,23.349,95190.91,25.02,44.24
4475,42.654,23.316,93752.71,16.58,87.06
1846,42.64,23.31,93342.98,32.26,30.26
3432,42.71,23.419,95952.36,31.56,35.79
2224,42.651,23.335,94889.67,16.45,78.04
3500,42.703,23.349,94762.97,20.0,75.01
2038,42.694,23.32,95305.59,33.33,34.48
2323,42.686,23.4,95572.97,30.51,28.2
3432,42.71,23.419,95183.81,23.41,47.63
2294,42.645,23.265,92938.17,23.79,72.83
3512,42.683,23.335,94716.41,18.15,62.23
3436,42.693,23.359,94494.91,32.05,37.99
1954,42.704,23.354,95772.25,28.15,34.12
2224,42.651,23.335,95098.84,27.49,40.57
2040,42.686,23.351,95308.56,22.62,52.4
3438,42.738,23.293,94991.55,28.78,45.17
1764,42.622,23.366,94516.48,26.93,47.25
3436,42.693,23.359,94616.7,21.27,70.29
4358,42.703,23.373,95708.83,24.39,51.16
1850,42.677,23.311,94729.58,24.58,56.98
2292,42.663,23.273,94283.8,27.16,41.04
3438,42.738,23.293,95443.34,18.52,83.03
1954,42.704,23.354,95532.67,26.98,46.88
3738,42.7,23.332,95832.55,28.47,34.54
2216,42.664,23.373,95002.2,44.13,18.51
3836,42.702,23.371,95274.02,27.07,47.17
4477,42.629,23.301,91635.27,25.41,63.07
2264,42.671,23.31,95508.75,18.09,68.67
2323,42.686,23.4,95658.55,17.06,66.37
3472,42.669,23.318,94424.41,23.68,40.8
2228,42.693,23.333,95373.78,21.11,77.6
1952,42.709,23.398,95795.05,15.57,85.65
2262,42.691,23.324,94547.72,20.09,71.9
2216,42.664,23.373,95108.34,23.12,75.61
2216,42.664,23.373,94814.27,23.11,65.02
1962,42.69,23.324,95279.59,27.04,44.07
1846,42.64,23.31,93549.72,35.43,30.01
1962,42.69,23.324,95591.09,25.1,46.67
3968,42.689,23.357,95242.54,17.31,68.97
2262,42.691,23.324,94921.47,24.87,56.51
2323,42.686,23.4,95501.11,18.91,78.69
2232,42.685,23.301,94019.53,23.93,55.72
3982,42.654,23.33,95015.58,30.86,0.0
2040,42.686,23.351,94126.02,23.65,64.56
3982,42.654,23.33,93887.7,22.15,0.0
1850,42.677,23.311,94523.7,19.5,74.42
2262,42.691,23.324,94871.98,25.66,37.35
4358,42.703,23.373,94656.39,17.91,91.54
3092,42.666,23.284,94643.58,21.21,0.0
2224,42.651,23.335,94316.41,22.63,48.36
2216,42.664,23.373,95146.83,18.53,70.36
3296,42.671,23.325,94431.2,20.15,53.98
3620,42.678,23.254,94603.04,22.71,48.71
2036,42.657,23.349,93957.51,17.01,86.08
3428,42.624,23.406,95527.22,24.43,51.69
3428,42.624,23.406,95436.58,20.03,73.99
2038,42.694,23.32,94905.3,22.33,60.35
2294,42.645,23.265,92860.88,19.89,56.41
2230,42.692,23.332,94953.44,26.47,43.08
3982,42.654,23.33,94712.66,24.71,0.0
1954,42.704,23.354,95352.56,30.95,43.99
2262,42.691,23.324,94912.16,27.78,32.54
3328,42.675,23.356,94744.69,36.36,19.3
3472,42.669,23.318,94309.4,31.01,41.79
2262,42.691,23.324,95439.2,29.7,31.58
2234,42.685,23.356,95468.34,29.25,29.92
3738,42.7,23.332,95066.48,24.75,51.94
3474,42.68,23.293,94570.16,23.74,42.14
2038,42.694,23.32,94642.62,22.54,44.2
3438,42.738,23.293,95737.09,28.0,36.93
1850,42.677,23.311,95225.27,22.6,59.77
4469,42.665,23.293,93418.65,34.34,30.37
3096,42.7,23.36,95709.5,18.87,65.12
2232,42.685,23.301,94745.44,29.48,42.6
3982,42.654,23.33,94040.5,29.46,0.0
3500,42.703,23.349,95432.39,20.66,61.88
3436,42.693,23.359,94385.45,19.3,75.48
2224,42.651,23.335,93625.12,28.43,40.9
3296,42.671,23.325,95043.59,22.27,56.38
1846,42.64,23.31,94356.2,13.94,74.27
2036,42.657,23.349,94679.47,25.86,49.92
4471,42.698,23.291,94952.44,33.67,21.5
2266,42.738,23.272,95797.95,26.48,39.26
3432,42.71,23.419,94705.77,17.81,85.52
3096,42.7,23.36,95831.79,26.25,39.58
3436,42.693,23.359,94948.48,26.08,51.61
3836,42.702,23.371,95760.02,16.21,90.02
1850,42.677,23.311,95139.54,24.83,66.24
4558,42.706,23.38,95667.88,35.54,24.19
2224,42.651,23.335,94223.92,41.12,19.21
3102,42.665,23.392,95338.39,19.39,62.09
3500,42.703,23.349,95583.41,40.23,20.34
1846,42.64,23.31,93046.41,16.48,100.0
2264,42.671,23.31,95028.27,24.54,52.83
3432,42.71,23.419,95276.06,25.93,39.1
2038,42.694,23.32,95727.89,20.47,61.53
3438,42.738,23.293,95677.25,19.78,61.94
3472,42.669,23.318,93991.81,17.74,83.54
2036,42.657,23.349,94467.55,17.52,63.79
3512,42.683,23.335,95770.42,24.87,47.48
2264,42.671,23.31,95439.16,20.05,66.97
2232,42.685,23.301,94144.86,18.05,74.32
2607,42.66,23.319,93890.6,17.35,79.65
3474,42.68,23.293,95006.69,31.04,39.65
2038,42.694,23.32,95346.45,29.51,36.94
2234,42.685,23.356,95391.08,25.26,50.12
3428,42.624,23.406,94659.08,28.21,44.2
2038,42.694,23.32,95119.58,22.73,57.5
1954,42.704,23.354,95429.45,21.45,65.93
1962,42.69,23.324,94507.92,43.15,19.32
3092,42.666,23.284,93820.81,28.46,32.3
2036,42.657,23.349,94338.35,16.5,88.53
2234,42.685,23.356,95364.02,35.09,23.8
3472,42.669,23.318,94705.62,34.49,29.6
3642,42.694,23.36,95395.94,19.1,69.24
3620,42.678,23.254,94113.53,21.44,74.37
2264,42.671,23.31,95561.41,23.29,45.93
2216,42.664,23.373,94823.81,21.91,71.26
1954,42.704,23.354,95334.58,26.76,48.75
1962,42.69,23.324,95471.7,20.78,57.13
3436,42.693,23.359,95683.45,23.48,52.72
1850,42.677,23.311,94430.5,17.04,93.18
1846,42.64,23.31,93974.43,16.62,66.43
3474,42.68,23.293,94843.33,20.93,59.55
3436,42.693,23.359,95795.52,19.83,64.27
2266,42.738,23.272,95118.08,22.29,44.14
3436,42.693,23.359,95344.78,24.66,48.43
3472,42.669,23.318,94160.46,21.92,48.44
3500,42.703,23.349,95357.58,16.8,83.48
3500,42.703,23.349,95233.09,21.82,56.24
2262,42.691,23.324,95200.38,29.57,43.35
3500,42.703,23.349,95449.91,17.07,78.45
3642,42.694,23.36,95247.41,38.74,23.5
2228,42.693,23.333,95526.66,25.67,35.97
2262,42.691,23.324,95361.18,17.04,79.15
1846,42.64,23.31,93564.52,25.11,52.06
2323,42.686,23.4,95398.3,27.37,48.85
3428,42.624,23.406,95049.72,28.83,40.74
3738,42.7,23.332,94944.23,33.8,32.05
3500,42.703,23.349,95634.7,45.01,11.92
2292,42.663,23.273,94537.22,21.55,43.23
2264,42.671,23.31,94649.73,34.8,24.44
3620,42.678,23.254,94076.25,31.47,48.9
3642,42.694,23.36,94239.34,19.51,78.36
3472,42.669,23.318,94684.22,18.56,66.04
1952,42.709,23.398,96130.82,27.72,50.97
2040,42.686,23.351,117638.84,-145.12,100.0
3836,42.702,23.371,94612.15,21.2,74.45
3102,42.665,23.392,94932.32,40.33,19.59
3326,42.662,23.368,94643.83,27.31,50.84
3102,42.665,23.392,94842.47,18.67,76.76
2292,42.663,23.273,94110.59,28.18,32.16
2230,42.692,23.332,94853.38,31.45,35.5
3836,42.702,23.371,96104.39,20.11,60.63
3438,42.738,23.293,94946.23,20.16,75.16
3738,42.7,23.332,95477.98,19.54,58.6
2294,42.645,23.265,92986.2,13.36,94.33
1846,42.64,23.31,93788.01,20.04,63.33
3438,42.738,23.293,95388.64,24.48,53.57
3428,42.624,23.406,94262.69,24.79,57.57
3102,42.665,23.392,94840.05,26.38,50.06
2232,42.685,23.301,94630.06,26.11,35.91
3474,42.68,23.293,95143.01,25.57,46.43
1850,42.677,23.311,94686.26,22.54,47.26
2323,42.686,23.4,95935.66,21.63,56.08
2262,42.691,23.324,95113.76,19.45,58.83
3296,42.671,23.325,94806.93,18.81,68.56
3432,42.71,23.419,95844.94,29.78,37.23
3092,42.666,23.284,94764.58,20.0,0.0
1850,42.677,23.311,95221.37,25.96,48.77
3642,42.694,23.36,94179.78,20.48,77.94
3836,42.702,23.371,95314.73,22.09,65.26
3620,42.678,23.254,94865.34,14.34,92.22
1962,42.69,23.324,95229.77,26.15,43.62
1850,42.677,23.311,94993.23,33.75,35.98
2216,42.664,23.373,94093.37,28.32,51.02
3438,42.738,23.293,95412.34,33.07,27.89
2228,42.693,23.333,94843.99,29.7,41.91
1952,42.709,23.398,95534.42,19.98,63.48
3472,42.669,23.318,94591.39,21.66,50.03
1764,42.622,23.366,93917.06,19.95,73.94
3474,42.68,23.293,94797.11,30.5,36.37
3428,42.624,23.406,94637.82,25.16,42.83
2323,42.686,23.4,95674.2,23.0,55.95
2323,42.686,23.4,95067.83,23.22,43.84
3432,42.71,23.419,95209.08,23.72,59.62
1962,42.69,23.324,95316.7,21.01,60.98
3982,42.654,23.33,94345.06,24.91,0.0
3096,42.7,23.36,95496.63,23.65,61.29
3436,42.693,23.359,94564.66,18.2,88.24
2262,42.691,23.324,94858.23,34.75,25.6
3642,42.694,23.36,94141.08,25.75,57.17
2294,42.645,23.265,92836.2,15.29,81.95
3738,42.7,23.332,95757.97,37.52,19.8
2323,42.686,23.4,95579.02,30.13,32.16
3620,42.678,23.254,94521.94,22.72,54.38
1764,42.622,23.366,94147.34,32.04,39.54
3432,42.71,23.419,94990.76,39.23,25.37
2266,42.738,23.272,95216.82,30.33,34.21
1764,42.622,23.366,94272.05,16.74,72.87
1846,42.64,23.31,94052.45,31.77,30.81
1764,42.622,23.366,94204.58,34.16,37.9
2036,42.657,23.349,94474.86,39.2,22.05
3836,42.702,23.371,94705.91,17.44,89.42
2216,42.664,23.373,95175.15,17.3,82.8
3428,42.624,23.406,95511.92,22.97,55.53
2607,42.66,23.319,94759.47,21.41,53.83
3438,42.738,23.293,95056.38,43.36,15.49
3296,42.671,23.325,94443.52,28.38,36.32
3474,42.68,23.293,95211.89,27.19,37.44
3096,42.7,23.36,94922.17,29.66,40.59
2294,42.645,23.265,92506.13,35.38,30.19
2040,42.686,23.351,94864.06,35.4,19.76
3092,42.666,23.284,94867.08,21.71,0.0
3738,42.7,23.332,95221.22,24.34,59.75
3432,42.71,23.419,95543.25,25.87,55.38
2294,42.645,23.265,92922.87,18.77,48.45
1764,42.622,23.366,94260.85,14.76,93.28
3512,42.683,23.335,95676.39,23.9,48.79
1954,42.704,23.354,94156.01,33.14,31.81
2038,42.694,23.32,95517.09,26.47,32.44
3102,42.665,23.392,95360.86,19.22,69.51
1850,42.677,23.311,95583.64,19.01,67.06
2264,42.671,23.31,95073.49,24.49,61.0
1954,42.704,23.354,95435.77,21.58,65.99
3472,42.669,23.318,94657.45,23.84,63.58
2038,42.694,23.32,95610.77,22.76,46.95
2234,42.685,23.356,94639.98,41.96,10.89
4477,42.629,23.301,91555.36,15.91,81.24
3620,42.678,23.254,94695.02,33.48,30.2
3474,42.68,23.293,95237.63,21.52,58.44
3436,42.693,23.359,95414.85,35.15,26.59
2294,42.645,23.265,92052.03,25.82,55.35
2607,42.66,23.319,94630.41,22.07,63.53
2036,42.657,23.349,95060.09,22.87,53.62
1850,42.677,23.311,95347.12,21.87,54.06
2294,42.645,23.265,93116.8,19.52,57.76
3474,42.68,23.293,93759.19,24.23,61.95
3096,42.7,23.36,95479.73,22.42,64.05
3512,42.683,23.335,94512.36,23.96,60.06
3102,42.665,23.392,94468.21,19.68,74.21
4475,42.654,23.316,93766.8,17.3,79.35
2224,42.651,23.335,94137.29,38.17,19.14
2294,42.645,23.265,92504.43,26.67,48.63
2294,42.645,23.265,92814.28,16.27,70.22
3102,42.665,23.392,95210.91,40.27,15.34
4477,42.629,23.301,91568.45,18.16,73.49
3092,42.666,23.284,94336.3,25.35,40.3
2262,42.691,23.324,95747.55,19.64,57.22
1954,42.704,23.354,95536.11,34.12,34.08
2262,42.691,23.324,95266.02,36.33,23.58
3092,42.666,23.284,94308.25,32.76,0.0
2294,42.645,23.265,92449.77,19.9,55.25
3092,42.666,23.284,94749.31,38.3,19.36
3102,42.665,23.392,95663.44,18.82,68.87
2294,42.645,23.265,92375.7,32.56,35.8
2262,42.691,23.324,94445.77,23.74,51.28
2607,42.66,23.319,93602.07,26.97,53.91
3438,42.738,23.293,95259.87,16.01,92.1
3092,42.666,23.284,94822.61,26.87,0.0
2323,42.686,23.4,95479.44,21.46,73.64
1954,42.704,23.354,95178.34,33.23,35.8
1850,42.677,23.311,95539.07,25.22,35.78
3558,42.671,23.364,95374.61,25.27,43.0
2262,42.691,23.324,94969.13,24.1,42.94
1952,42.709,23.398,95219.31,34.23,24.86
2036,42.657,23.349,94785.36,30.88,32.32
2036,42.657,23.349,94473.55,20.06,56.89
3738,42.7,23.332,95045.81,29.44,35.09
3438,42.738,23.293,95000.1,28.01,38.74
3836,42.702,23.371,96124.72,23.4,52.7
3836,42.702,23.371,95851.78,22.17,69.34
3096,42.7,23.36,94563.52,21.51,64.55
3982,42.654,23.33,94955.59,24.15,0.0
3968,42.689,23.357,95210.47,31.66,40.99
1954,42.704,23.354,95203.17,32.01,27.15
1850,42.677,23.311,94465.16,33.95,36.24
3474,42.68,23.293,94768.7,18.11,82.94
3092,42.666,23.284,94416.34,27.08,0.0
1962,42.69,23.324,94877.05,20.49,53.53
2228,42.693,23.333,94427.55,32.55,32.45
3296,42.671,23.325,95301.63,31.69,30.84
3836,42.702,23.371,95156.54,35.74,32.69
3982,42.654,23.33,94884.23,32.47,0.0
1846,42.64,23.31,93977.04,32.52,34.32
2234,42.685,23.356,95353.27,20.95,69.14
3620,42.678,23.254,94746.23,30.35,43.69
2262,42.691,23.324,94907.68,23.27,62.21
3738,42.7,23.332,95637.82,22.45,53.56
2040,42.686,23.351,117638.84,-145.12,100.0
3836,42.702,23.371,94750.83,19.34,82.46
2036,42.657,23.349,95308.81,16.07,91.4
3474,42.68,23.293,94814.66,22.05,43.49
2262,42.691,23.324,95600.25,18.95,68.11
2607,42.66,23.319,93866.26,18.4,82.34
2216,42.664,23.373,94716.57,34.28,24.98
2323,42.686,23.4,95809.0,26.7,37.57
2232,42.685,23.301,95058.61,25.79,46.1
1952,42.709,23.398,95604.31,16.31,77.49
1850,42.677,23.311,94694.66,30.83,36.93
2323,42.686,23.4,95002.34,38.68,23.42
1764,42.622,23.366,94521.0,17.87,72.5
3642,42.694,23.36,95423.56,35.78,27.61
2294,42.645,23.265,92947.69,45.78,15.88
3982,42.654,23.33,95006.78,32.63,0.0
4475,42.654,23.316,94921.19,21.22,57.11
3558,42.671,23.364,94537.0,33.52,27.37
2232,42.685,23.301,95036.08,23.57,50.88
3102,42.665,23.392,95418.94,19.04,64.16
2224,42.651,23.335,95152.11,24.77,42.34
4475,42.654,23.316,94928.48,23.38,50.5
3438,42.738,23.293,95779.28,17.61,72.98
2036,42.657,23.349,94338.33,32.96,33.3
2230,42.692,23.332,95250.23,28.48,41.23
2266,42.738,23.272,95765.12,30.02,32.4
3982,42.654,23.33,94945.33,25.95,0.0
2228,42.693,23.333,94871.16,22.48,47.61
2036,42.657,23.349,94896.52,18.09,83.53
2323,42.686,23.4,95647.89,29.52,42.59
3620,42.678,23.254,94967.36,18.97,66.65
3102,42.665,23.392,95297.94,26.61,48.05
2264,42.671,23.31,94600.25,26.75,50.73
2262,42.691,23.324,95339.2,25.35,51.8
1962,42.69,23.324,95468.61,15.89,78.5
3500,42.703,23.349,95343.79,16.92,82.58
3432,42.71,23.419,96003.12,24.0,55.35
3620,42.678,23.254,94580.03,30.67,37.44
2234,42.685,23.356,95070.84,32.72,21.91
1954,42.704,23.354,95633.23,28.32,31.66
3092,42.666,23.284,95139.21,18.5,0.0
2262,42.691,23.324,94300.34,34.27,30.18
3738,42.7,23.332,95446.47,31.08,31.29
3428,42.624,23.406,95093.88,26.85,44.55
2262,42.691,23.324,95160.91,27.8,41.52
2036,42.657,23.349,94142.45,16.78,89.76
3620,42.678,23.254,94282.11,31.48,42.64
3474,42.68,23.293,94995.27,26.97,40.98
3558,42.671,23.364,95101.3,16.16,82.58
1846,42.64,23.31,93968.8,19.84,78.22
1850,42.677,23.311,95012.98,31.46,32.54
1846,42.64,23.31,94418.39,17.66,70.94
3096,42.7,23.36,94895.66,30.34,23.65
3096,42.7,23.36,94690.42,25.68,54.22
3836,42.702,23.371,95654.48,20.08,85.04
3968,42.689,23.357,95280.63,25.76,40.86
2230,42.692,23.332,95719.33,22.34,61.4
3432,42.71,23.419,95377.7,24.2,65.42
3982,42.654,23.33,94963.37,23.04,0.0
3500,42.703,23.349,94595.91,24.37,41.78
4473,42.625,23.321,93320.45,27.02,38.9
2607,42.66,23.319,94578.39,22.24,48.99
2294,42.645,23.265,92492.94,22.45,47.63
2216,42.664,23.373,94119.91,31.08,41.79
1764,42.622,23.366,93845.67,27.68,38.48
2232,42.685,23.301,95495.18,20.31,70.63
2607,42.66,23.319,93935.78,25.77,46.52
1954,42.704,23.354,95178.13,22.04,60.5
2036,42.657,23.349,95147.91,24.24,54.63
3432,42.71,23.419,96118.2,19.19,73.3
3836,42.702,23.371,94790.89,24.57,50.52
3512,42.683,23.335,94717.97,28.77,43.82
3436,42.693,23.359,95037.66,23.44,46.2
4469,42.665,23.293,93336.41,30.58,35.01
3326,42.662,23.368,95080.28,19.23,67.29
3096,42.7,23.36,95542.05,19.47,66.45
2266,42.738,23.272,95101.94,21.11,68.57
3474,42.68,23.293,94008.85,19.12,78.78
1962,42.69,23.324,95638.79,19.66,60.75
1952,42.709,23.398,95968.54,27.23,32.02
3438,42.738,23.293,95094.83,22.43,61.42
3102,42.665,23.392,95532.02,30.4,34.12
2607,42.66,23.319,95022.51,18.81,62.85
2292,42.663,23.273,94637.86,18.03,69.8
3558,42.671,23.364,94666.91,21.71,47.46
2232,42.685,23.301,95154.63,32.83,31.94
2036,42.657,23.349,95320.56,16.11,78.77
2294,42.645,23.265,92799.34,20.51,59.25
2038,42.694,23.32,95482.66,18.27,72.38
2262,42.691,23.324,94702.63,28.23,37.15
3092,42.666,23.284,94477.44,18.38,0.0
1764,42.622,23.366,93436.48,26.44,46.7
2036,42.657,23.349,95221.21,20.88,57.72
3500,42.703,23.349,95184.66,24.17,38.99
2228,42.693,23.333,95338.86,22.87,48.6
3512,42.683,23.335,95412.61,29.01,33.08
1962,42.69,23.324,95287.77,22.44,51.88
2232,42.685,23.301,94290.09,19.25,76.24
3474,42.68,23.293,94856.85,28.89,44.75
1764,42.622,23.366,94267.66,19.93,79.67
2040,42.686,23.351,95695.11,26.63,37.5
1952,42.709,23.398,96096.95,17.32,91.94
3642,42.694,23.36,95157.36,17.09,70.11
4471,42.698,23.291,94525.52,24.13,41.09
2040,42.686,23.351,94972.92,28.53,34.73
3428,42.624,23.406,94052.9,24.3,57.0
3500,42.703,23.349,94969.48,29.04,43.07
1952,42.709,23.398,95480.14,32.87,26.35
3096,42.7,23.36,95642.64,26.77,32.46
2323,42.686,23.4,95582.23,27.51,37.34
2262,42.691,23.324,95243.11,30.75,34.48
3968,42.689,23.357,95134.98,26.87,45.34
3836,42.702,23.371,95884.56,29.1,37.25
3296,42.671,23.325,94058.24,35.08,32.29
3438,42.738,23.293,94227.44,22.86,67.92
3428,42.624,23.406,94670.8,28.8,43.84
3092,42.666,23.284,95229.83,24.68,0.0
3620,42.678,23.254,94380.67,28.58,53.7
2323,42.686,23.4,95261.31,16.46,87.59
3472,42.669,23.318,94637.67,38.03,28.4
3982,42.654,23.33,94449.87,24.81,0.0
3472,42.669,23.318,94607.0,32.75,25.68
2224,42.651,23.335,94419.88,24.53,39.57
2232,42.685,23.301,95242.25,21.27,51.4
1954,42.704,23.354,95936.55,21.72,54.04
3738,42.7,23.332,95511.63,20.44,60.68
1962,42.69,23.324,95426.09,18.02,78.51
2216,42.664,23.373,94584.59,19.32,79.21
1850,42.677,23.311,94229.44,19.66,84.54
3436,42.693,23.359,95403.23,17.02,77.14
2040,42.686,23.351,95829.39,15.47,89.82
2266,42.738,23.272,95960.84,15.35,77.85
2216,42.664,23.373,95214.75,17.24,78.22
2038,42.694,23.32,95139.88,34.35,37.37
1962,42.69,23.324,94813.5,23.59,58.91
3982,42.654,23.33,94542.18,33.82,0.0
1954,42.704,23.354,95431.17,20.96,67.36
3738,42.7,23.332,95883.7,22.33,55.47
2323,42.686,23.4,94338.13,24.51,59.43
2266,42.738,23.272,95169.63,23.28,63.56
2262,42.691,23.324,95532.38,20.88,57.12
3982,42.654,23.33,94838.97,35.2,0.0
2294,42.645,23.265,92632.72,29.09,36.59
2264,42.671,23.31,95115.0,29.31,37.94
2262,42.691,23.324,95362.33,20.87,70.07
4358,42.703,23.373,95342.03,34.39,26.66
2036,42.657,23.349,94488.02,22.63,43.01
2234,42.685,23.356,94030.67,24.3,60.28
3474,42.68,23.293,95419.13,19.58,60.35
2262,42.691,23.324,94782.93,28.8,42.84
2294,42.645,23.265,93035.33,32.15,34.22
3472,42.669,23.318,94752.64,19.3,65.1
3738,42.7,23.332,95322.45,34.15,37.27
1954,42.704,23.354,95281.31,30.63,34.26
2266,42.738,23.272,95906.74,22.54,52.35
2232,42.685,23.301,94460.83,18.16,57.36
2224,42.651,23.335,94273.64,31.38,19.61
3968,42.689,23.357,95265.39,25.57,39.7
3558,42.671,23.364,94952.2,22.33,46.05
1764,42.622,23.366,93556.8,19.59,70.04
2038,42.694,23.32,95089.34,25.58,37.13
2232,42.685,23.301,94912.83,20.1,60.07
1850,42.677,23.311,94992.92,32.61,32.4
4479,42.675,23.24,93061.99,20.71,68.32
4477,42.629,23.301,92750.33,22.71,54.16
3738,42.7,23.332,95816.53,28.03,36.39
2323,42.686,23.4,95601.74,21.29,69.93
2294,42.645,23.265,92927.17,20.34,67.78
3092,42.666,23.284,94428.31,24.83,0.0
3558,42.671,23.364,95018.84,19.81,58.2
1764,42.622,23.366,93778.88,19.16,57.98
2266,42.738,23.272,95169.8,25.93,38.57
2036,42.657,23.349,94800.06,16.86,67.2
3438,42.738,23.293,94980.86,29.99,39.52
2216,42.664,23.373,94651.09,32.18,29.45
2323,42.686,23.4,95805.09,26.01,46.97
2292,42.663,23.273,95108.27,17.21,84.04
4471,42.698,23.291,95651.55,19.34,68.31
2038,42.694,23.32,95190.56,32.9,31.47
3092,42.666,23.284,94914.66,23.92,50.12
3428,42.624,23.406,95309.02,27.79,34.36
1846,42.64,23.31,93917.34,21.04,52.57
2264,42.671,23.31,94925.34,24.2,42.08
1962,42.69,23.324,95532.5,20.99,56.76
3428,42.624,23.406,95204.09,24.71,54.26
3092,42.666,23.284,93831.77,19.14,0.0
4469,42.665,23.293,94009.77,21.75,48.51
2262,42.691,23.324,95015.95,40.91,19.92
3512,42.683,23.335,95644.16,21.22,55.76
4358,42.703,23.373,95624.27,33.06,27.74
1764,42.622,23.366,93884.83,21.39,71.4
1954,42.704,23.354,95054.64,21.92,50.4
4479,42.675,23.24,93063.86,31.2,42.37
2038,42.694,23.32,95194.25,23.38,45.39
3738,42.7,23.332,95586.02,18.77,65.43
2224,42.651,23.335,95205.15,18.81,67.92
4473,42.625,23.321,92130.38,26.75,51.24
2232,42.685,23.301,95270.08,29.69,33.42
2234,42.685,23.356,94658.66,31.81,32.87
1764,42.622,23.366,94526.77,15.67,75.22
3836,42.702,23.371,95329.39,22.48,60.6
3558,42.671,23.364,94621.86,17.68,61.46
3428,42.624,23.406,95129.59,19.6,70.79
1850,42.677,23.311,94687.67,23.26,45.67
2232,42.685,23.301,94571.09,20.52,68.83
3102,42.665,23.392,94974.69,23.88,57.88
3432,42.71,23.419,96064.41,20.47,63.35
2262,42.691,23.324,94489.58,36.99,24.45
3836,42.702,23.371,96056.26,18.05,86.67
3096,42.7,23.36,95309.67,19.6,71.33
1764,42.622,23.366,94422.16,30.15,32.64
1850,42.677,23.311,93881.52,27.59,42.65
2224,42.651,23.335,94633.45,22.11,59.25
3474,42.68,23.293,95425.08,16.37,68.49
2036,42.657,23.349,93930.33,17.15,83.22
2264,42.671,23.31,95298.19,34.78,23.65
3474,42.68,23.293,94571.44,24.83,38.06
2224,42.651,23.335,95028.39,19.3,58.88
2264,42.671,23.31,95049.19,21.4,68.98
3428,42.624,23.406,95104.09,31.93,37.58
3982,42.654,23.33,94744.92,29.25,0.0
3512,42.683,23.335,95404.59,18.62,68.1
2216,42.664,23.373,95375.25,22.37,61.97
3102,42.665,23.392,95006.75,37.48,27.24
2234,42.685,23.356,94914.83,29.08,33.92
3620,42.678,23.254,94440.59,28.73,36.04
3558,42.671,23.364,94647.17,18.4,60.16
1954,42.704,23.354,95191.52,22.95,46.15
3472,42.669,23.318,94972.61,17.01,68.07
2234,42.685,23.356,95376.25,30.27,28.51
2323,42.686,23.4,95945.23,14.87,75.43
2228,42.693,23.333,95192.83,21.44,59.0
2224,42.651,23.335,94981.57,26.37,42.14
3438,42.738,23.293,95592.05,17.46,71.32
3982,42.654,23.33,94870.76,33.47,0.0
2224,42.651,23.335,95124.14,24.73,42.14
2262,42.691,23.324,95671.22,17.72,81.68
3620,42.678,23.254,94829.0,14.46,95.17
3836,42.702,23.371,95569.52,41.14,17.1
3836,42.702,23.371,95481.7,29.07,48.03
1764,42.622,23.366,94179.73,31.38,41.91
2224,42.651,23.335,94577.05,26.86,35.81
3620,42.678,23.254,93875.42,24.73,49.82
2294,42.645,23.265,92915.41,20.48,66.08
3092,42.666,23.284,95075.38,21.47,0.0
1952,42.709,23.398,94695.98,21.85,84.18
2266,42.738,23.272,94914.0,34.06,31.18
3472,42.669,23.318,94669.73,37.61,27.54
2230,42.692,23.332,95440.91,27.86,46.55
4475,42.654,23.316,93885.48,36.7,30.89
1764,42.622,23.366,94271.73,20.31,55.38
1850,42.677,23.311,94544.64,31.21,37.01
1952,42.709,23.398,94998.31,16.89,98.06
2036,42.657,23.349,94859.88,16.55,71.43
3296,42.671,23.325,95009.34,45.87,11.03
2607,42.66,23.319,94820.56,17.07,70.92
3500,42.703,23.349,95453.55,28.07,43.34
3436,42.693,23.359,94737.65,26.4,36.44
2040,42.686,23.351,94740.09,26.71,49.95
1962,42.69,23.324,94871.72,42.38,17.87
3836,42.702,23.371,95785.23,20.89,66.49
3836,42.702,23.371,95519.34,24.7,55.71
2294,42.645,23.265,92317.55,15.38,68.14
3472,42.669,23.318,94661.77,29.1,37.34
2036,42.657,23.349,94600.95,42.5,26.75
4358,42.703,23.373,95468.39,26.31,49.92
2216,42.664,23.373,95361.02,30.42,29.01
3512,42.683,23.335,94731.08,18.99,57.85
3428,42.624,23.406,93855.78,27.64,43.7
3428,42.624,23.406,94579.83,33.61,32.79
2262,42.691,23.324,94737.75,16.47,67.55
2264,42.671,23.31,94780.2,32.83,24.51
2232,42.685,23.301,94325.83,21.76,64.52
2230,42.692,23.332,95256.55,25.51,55.33
2607,42.66,23.319,94571.02,32.45,29.2
4473,42.625,23.321,92170.75,23.77,60.01
2232,42.685,23.301,95164.4,17.33,71.09
2224,42.651,23.335,94741.87,27.02,41.15
2038,42.694,23.32,95431.5,30.02,30.77
1764,42.622,23.366,94125.12,14.99,90.6
2224,42.651,23.335,94339.52,18.59,76.25
3092,42.666,23.284,94813.77,44.14,15.28
3474,42.68,23.293,94811.89,29.98,26.94
4467,42.665,23.278,94932.3,26.14,43.8
2262,42.691,23.324,95280.73,18.45,63.89
3296,42.671,23.325,94904.41,15.18,84.78
2266,42.738,23.272,95861.86,18.22,72.78
2230,42.692,23.332,94993.66,24.45,41.33
1846,42.64,23.31,94218.07,18.57,68.97
2036,42.657,23.349,95150.77,28.2,33.1
1962,42.69,23.324,94783.72,16.65,67.34
2266,42.738,23.272,95897.61,17.73,73.49
3092,42.666,23.284,94321.36,33.83,0.0
2232,42.685,23.301,94804.3,36.04,25.41
1954,42.704,23.354,95285.2,36.73,27.2
2323,42.686,23.4,95334.56,20.28,49.17
2234,42.685,23.356,95358.47,20.68,72.12
3836,42.702,23.371,94665.49,21.15,76.54
4473,42.625,23.321,92392.61,24.13,50.34
2266,42.738,23.272,95998.66,21.85,59.33
1764,42.622,23.366,93735.5,17.53,86.1
1850,42.677,23.311,94866.52,23.32,65.79
4558,42.706,23.38,95782.96,41.31,19.84
2040,42.686,23.351,94782.8,24.87,55.13
3982,42.654,23.33,95005.24,31.18,0.0
1954,42.704,23.354,95590.52,17.74,63.47
2262,42.691,23.324,95096.41,21.53,59.08
2036,42.657,23.349,94568.55,32.87,24.61
4471,42.698,23.291,95407.7,44.02,11.6
3296,42.671,23.325,94352.38,22.28,61.28
2264,42.671,23.31,94917.73,24.98,47.21
1846,42.64,23.31,93946.0,52.71,12.38
3102,42.665,23.392,95618.82,23.14,46.94
3472,42.669,23.318,93676.27,22.91,64.13
3836,42.702,23.371,95680.13,41.01,20.57
1952,42.709,23.398,94871.86,21.0,69.86
3472,42.669,23.318,94828.99,24.44,47.4
4477,42.629,23.301,91569.03,24.43,45.53
2038,42.694,23.32,95653.56,22.64,53.77
3982,42.654,23.33,93803.03,28.51,0.0
2036,42.657,23.349,93828.3,18.1,91.17
3738,42.7,23.332,94348.61,28.74,36.71
1962,42.69,23.324,95349.91,17.82,66.94
3296,42.671,23.325,95198.28,23.52,47.25
3096,42.7,23.36,95214.0,37.14,22.12
2323,42.686,23.4,95829.02,20.06,65.11
2607,42.66,23.319,93869.34,36.57,26.96
3738,42.7,23.332,95710.05,26.76,46.25
1954,42.704,23.354,95276.44,32.86,32.35
3296,42.671,23.325,94373.67,22.26,44.97
2234,42.685,23.356,95199.09,30.71,37.95
3620,42.678,23.254,93762.59,19.04,77.07
2266,42.738,23.272,96071.14,15.57,75.27
2230,42.692,23.332,95351.56,29.04,37.26
1962,42.69,23.324,95295.59,23.46,62.58
2323,42.686,23.4,95574.47,18.52,69.29
1850,42.677,23.311,94927.22,34.78,37.45
3620,42.678,23.254,94748.32,17.74,77.94
1764,42.622,23.366,93777.05,22.93,63.58
3738,42.7,23.332,95601.59,31.1,27.93
2234,42.685,23.356,94921.66,24.5,54.75
3102,42.665,23.392,94908.42,24.01,56.63
3620,42.678,23.254,94124.95,35.35,33.43
2228,42.693,23.333,95202.95,30.43,30.16
3474,42.68,23.293,94570.73,31.49,30.76
3620,42.678,23.254,94845.72,24.66,51.82
4558,42.706,23.38,94973.67,18.14,63.92
2262,42.691,23.324,94777.73,38.51,20.4
3102,42.665,23.392,94792.67,17.52,58.55
3428,42.624,23.406,94135.42,21.79,65.76
2216,42.664,23.373,95502.2,16.1,76.92
3982,42.654,23.33,94880.5,31.81,0.0
2232,42.685,23.301,95262.59,20.68,53.46
3436,42.693,23.359,95464.97,27.92,31.48
3102,42.665,23.392,95631.59,20.93,53.96
1962,42.69,23.324,95282.48,17.08,80.43
3432,42.71,23.419,96112.37,20.38,68.53
3620,42.678,23.254,95037.05,22.74,52.95
3438,42.738,23.293,94254.26,23.03,65.08
3436,42.693,23.359,95358.08,24.19,50.02
3472,42.669,23.318,94835.55,24.18,47.13
3438,42.738,23.293,95739.66,38.02,17.1
3432,42.71,23.419,95683.78,33.82,26.94
2294,42.645,23.265,92454.17,21.67,52.73
4479,42.675,23.24,93627.95,24.99,37.98
3620,42.678,23.254,94805.81,17.16,77.28
4471,42.698,23.291,94416.84,17.93,84.09
2266,42.738,23.272,95604.97,22.09,62.91
3428,42.624,23.406,94508.25,33.97,37.33
1952,42.709,23.398,95220.47,19.38,57.55
4469,42.665,23.293,94204.88,24.8,40.31
2230,42.692,23.332,95500.44,19.26,75.48
4477,42.629,23.301,92224.08,21.1,51.46
2262,42.691,23.324,94248.69,21.81,64.61
1764,42.622,23.366,93285.75,18.12,79.39
2292,42.663,23.273,94541.16,34.36,36.35
2040,42.686,23.351,94585.78,34.28,28.64
3428,42.624,23.406,95068.74,27.87,43.83
3438,42.738,23.293,95503.41,39.57,18.04
3500,42.703,23.349,95399.56,23.57,52.1
2038,42.694,23.32,94896.16,26.43,50.42
3438,42.738,23.293,95447.45,16.82,82.94
2262,42.691,23.324,95079.12,21.91,44.27
1850,42.677,23.311,95197.09,25.93,54.74
2294,42.645,23.265,92801.23,20.48,64.71
4475,42.654,23.316,94891.12,31.61,23.57
3558,42.671,23.364,94248.64,17.55,79.92
4358,42.703,23.373,95892.28,26.32,47.17
3092,42.666,23.284,94905.59,20.43,66.12
1962,42.69,23.324,95483.14,25.45,43.23
3472,42.669,23.318,94532.45,28.29,41.4
3500,42.703,23.349,95530.19,28.83,33.74
3474,42.68,23.293,94132.2,23.13,47.29
2224,42.651,23.335,95224.23,20.87,56.12
2038,42.694,23.32,94960.73,25.74,49.75
1764,42.622,23.366,94476.73,22.29,53.8
1954,42.704,23.354,94846.59,27.48,34.51
1846,42.64,23.31,93825.48,17.49,69.15
3436,42.693,23.359,94915.25,25.5,53.18
3092,42.666,23.284,94718.03,37.33,0.0
3558,42.671,23.364,95476.89,20.41,61.03
1846,42.64,23.31,94219.8,17.22,83.3
3500,42.703,23.349,95329.43,19.22,62.29
3512,42.683,23.335,95778.36,14.95,82.36
2228,42.693,23.333,95251.91,18.72,64.02
2216,42.664,23.373,95126.45,16.89,89.83
2036,42.657,23.349,94404.63,22.66,60.72
3432,42.71,23.419,95169.5,22.05,51.28
2224,42.651,23.335,94281.14,24.88,43.56
1962,42.69,23.324,95296.91,21.99,69.23
1962,42.69,23.324,94513.12,22.3,67.16
3512,42.683,23.335,95437.97,24.94,54.24
2264,42.671,23.31,95258.97,20.4,56.23
3102,42.665,23.392,95451.67,25.8,40.0
3102,42.665,23.392,95459.95,15.58,82.12
1846,42.64,23.31,93984.81,22.03,55.21
3738,42.7,23.332,94625.43,21.24,68.01
3620,42.678,23.254,94909.02,23.39,67.32
3296,42.671,23.325,94958.48,41.99,21.71
2038,42.694,23.32,95694.66,24.28,51.34
1846,42.64,23.31,94307.22,23.59,49.75
3836,42.702,23.371,95836.06,21.8,65.44
3836,42.702,23.371,95383.61,27.85,45.33
2038,42.694,23.32,95514.08,26.7,33.4
4473,42.625,23.321,93542.49,25.43,41.05
1962,42.69,23.324,95231.73,25.57,45.39
1764,42.622,23.366,94627.7,21.17,57.89
3092,42.666,23.284,94688.91,35.2,0.0
3738,42.7,23.332,95533.97,20.74,58.36
1954,42.704,23.354,94558.64,18.21,72.8
2230,42.692,23.332,95088.11,23.97,45.97
2038,42.694,23.32,95408.31,24.69,47.93
1954,42.704,23.354,94482.71,21.1,72.04
2224,42.651,23.335,94295.63,23.85,52.79
3432,42.71,23.419,95421.03,27.38,50.3
3436,42.693,23.359,94707.45,18.78,83.07
3102,42.665,23.392,95415.08,32.93,22.25
2264,42.671,23.31,94935.17,21.57,52.38
3472,42.669,23.318,94548.29,24.06,58.3
2323,42.686,23.4,94988.09,18.17,62.21
2607,42.66,23.319,94420.93,24.18,56.18
3432,42.71,23.419,95903.11,26.88,37.66
3474,42.68,23.293,94804.28,31.5,31.5
3432,42.71,23.419,95725.16,34.24,25.5
3102,42.665,23.392,95797.28,29.38,32.21
4467,42.665,23.278,93556.53,23.61,66.26
3102,42.665,23.392,95469.4,15.93,80.63
2224,42.651,23.335,94842.8,30.2,30.15
2607,42.66,23.319,94784.94,21.32,73.36
3438,42.738,23.293,94750.81,19.64,81.75
3096,42.7,23.36,94915.9,38.82,14.16
3738,42.7,23.332,95372.44,17.99,79.26
3982,42.654,23.33,94337.09,24.64,0.0
2224,42.651,23.335,94873.23,18.92,62.06
3642,42.694,23.36,95223.2,15.57,82.26
3474,42.68,23.293,94507.59,29.22,21.84
3642,42.694,23.36,95055.42,19.02,62.74
1846,42.64,23.31,93638.96,21.91,58.81
3620,42.678,23.254,93979.41,33.38,43.12
3436,42.693,23.359,95142.51,20.94,50.7
3512,42.683,23.335,95681.11,18.45,76.68
3738,42.7,23.332,95616.02,23.43,59.67
2264,42.671,23.31,95124.48,30.09,36.41
2038,42.694,23.32,95614.66,23.98,48.41
3738,42.7,23.332,94890.48,20.47,50.09
3968,42.689,23.357,95092.96,23.3,66.43
3512,42.683,23.335,94704.4,40.47,14.86
2292,42.663,23.273,95045.25,24.42,42.12
2607,42.66,23.319,94792.89,20.57,75.2
2038,42.694,23.32,95408.36,25.17,55.79
4469,42.665,23.293,93823.98,27.22,44.67
2294,42.645,23.265,92554.82,27.7,51.0
3836,42.702,23.371,95190.38,32.08,28.89
2234,42.685,23.356,94431.83,20.79,65.41
2230,42.692,23.332,94809.67,28.48,29.06
2036,42.657,23.349,94822.98,20.91,58.45
1952,42.709,23.398,96099.3,18.17,76.29
2040,42.686,23.351,95343.21,23.42,70.96
4473,42.625,23.321,93515.33,19.58,60.61
2232,42.685,23.301,95474.43,18.61,58.17
3328,42.675,23.356,94250.08,22.0,65.23
3102,42.665,23.392,95005.61,29.46,29.29
3096,42.7,23.36,95952.14,18.81,63.58
2292,42.663,23.273,94348.78,22.97,59.73
1954,42.704,23.354,95432.69,21.64,65.83
2607,42.66,23.319,95050.03,27.37,34.63
3102,42.665,23.392,95540.44,24.2,53.44
2038,42.694,23.32,95273.77,25.63,52.44
3836,42.702,23.371,95659.83,16.39,77.06
3836,42.702,23.371,95266.93,18.41,81.8
2607,42.66,23.319,94566.59,38.63,23.72
3512,42.683,23.335,95608.58,21.72,56.13
2323,42.686,23.4,95502.19,26.66,44.04
2607,42.66,23.319,94842.73,16.47,73.62
2228,42.693,23.333,95274.18,31.63,39.14
2228,42.693,23.333,95465.27,19.39,76.46
2294,42.645,23.265,92817.33,26.84,38.0
3836,42.702,23.371,95722.97,17.64,76.75
2232,42.685,23.301,95302.79,22.77,52.38
2216,42.664,23.373,94216.45,20.06,86.18
3472,42.669,23.318,93449.05,23.83,61.29
1846,42.64,23.31,93532.34,18.48,75.57
4469,42.665,23.293,94796.02,31.1,29.93
2038,42.694,23.32,95219.36,27.58,45.87
3836,42.702,23.371,95723.13,38.18,20.18
2036,42.657,23.349,94727.98,16.83,73.29
4479,42.675,23.24,92995.68,23.02,67.56
3428,42.624,23.406,94353.28,33.72,36.14
1954,42.704,23.354,94490.43,19.16,72.11
2266,42.738,23.272,95457.58,19.98,68.19
2232,42.685,23.301,94698.11,23.66,51.89
4471,42.698,23.291,95680.41,24.46,52.44
3512,42.683,23.335,95139.81,23.22,41.44
3982,42.654,23.33,95087.31,21.12,0.0
2607,42.66,23.319,94126.05,30.67,37.36
1764,42.622,23.366,94326.55,19.88,70.4
3092,42.666,23.284,94054.34,17.59,63.0
2230,42.692,23.332,95477.58,19.15,76.1
2224,42.651,23.335,94765.42,31.01,31.21
2262,42.691,23.324,95089.41,19.13,53.54
1962,42.69,23.324,95588.77,39.59,20.41
2230,42.692,23.332,94923.96,27.15,50.71
3982,42.654,23.33,95050.86,28.51,0.0
3432,42.71,23.419,95888.06,22.39,53.63
3982,42.654,23.33,94455.0,35.09,0.0
2230,42.692,23.332,95343.75,20.72,62.61
3836,42.702,23.371,95328.24,22.69,58.58
1846,42.64,23.31,94037.3,23.4,60.5
3836,42.702,23.371,95548.64,25.15,55.79
2607,42.66,23.319,94615.9,22.68,43.73
3092,42.666,23.284,94687.55,35.5,0.0
3428,42.624,23.406,94500.85,33.88,27.74
4467,42.665,23.278,94106.48,21.56,51.63
3092,42.666,23.284,94963.19,26.65,48.76
2038,42.694,23.32,95469.23,30.3,30.16
2036,42.657,23.349,94718.34,37.54,21.84
3474,42.68,23.293,94845.46,20.83,59.83
3968,42.689,23.357,95246.91,30.27,44.45
2294,42.645,23.265,93304.62,18.01,84.02
2228,42.693,23.333,94720.22,30.13,38.82
2323,42.686,23.4,95160.97,22.45,64.18
3832,42.662,23.289,94097.66,28.67,29.82
2234,42.685,23.356,95558.16,19.77,63.59
3436,42.693,23.359,95514.66,22.87,56.99
3474,42.68,23.293,94407.8,26.12,35.43
2234,42.685,23.356,94443.71,23.72,54.67
2038,42.694,23.32,95672.41,23.59,50.14
3296,42.671,23.325,95005.05,22.08,65.52
3982,42.654,23.33,95005.84,31.23,0.0
3436,42.693,23.359,94892.26,28.54,23.23
4558,42.706,23.38,94698.71,26.66,46.66
2216,42.664,23.373,95095.12,31.82,37.47
3472,42.669,23.318,95064.4,16.87,72.89
3432,42.71,23.419,95679.78,20.5,76.99
3642,42.694,23.36,94953.83,21.78,51.17
2294,42.645,23.265,92448.48,39.57,12.11
2230,42.692,23.332,94795.03,28.63,31.49
3642,42.694,23.36,95357.8,16.32,73.44
3500,42.703,23.349,94991.9,33.31,23.31
2262,42.691,23.324,94453.75,18.2,74.41
2294,42.645,23.265,91904.97,18.18,79.75
2234,42.685,23.356,95196.13,21.12,53.38
2234,42.685,23.356,94465.66,25.32,55.14
1846,42.64,23.31,94389.81,15.84,74.08
3836,42.702,23.371,95244.49,40.24,23.74
3472,42.669,23.318,93884.66,22.17,44.17
2232,42.685,23.301,95173.14,30.09,36.26
3620,42.678,23.254,94830.06,34.36,40.58
2232,42.685,23.301,94209.16,19.98,65.17
3512,42.683,23.335,94748.08,26.01,37.02
4358,42.703,23.373,95195.54,36.7,21.41
3738,42.7,23.332,95445.24,28.71,38.17
2232,42.685,23.301,95234.59,20.76,55.25
3642,42.694,23.36,94710.58,29.27,33.81
4477,42.629,23.301,92666.45,30.51,32.77
3096,42.7,23.36,94934.73,29.24,42.92
2266,42.738,23.272,95633.3,30.34,33.08
2323,42.686,23.4,95512.98,16.91,70.77
3500,42.703,23.349,95388.52,17.06,80.87
2323,42.686,23.4,95608.45,31.75,38.12
3472,42.669,23.318,94253.47,21.02,51.16
3512,42.683,23.335,95130.84,22.21,54.77
3296,42.671,23.325,94909.11,19.57,66.32
1846,42.64,23.31,92823.39,21.09,74.83
3092,42.666,23.284,95081.05,24.23,0.0
3500,42.703,23.349,95493.66,24.78,62.46
1962,42.69,23.324,95795.48,18.44,60.57
2266,42.738,23.272,95586.25,24.82,56.37
3102,42.665,23.392,95568.0,23.0,51.46
2323,42.686,23.4,94967.23,30.86,37.72
2264,42.671,23.31,94085.21,24.52,62.12
3326,42.662,23.368,93748.53,39.49,21.27
4477,42.629,23.301,92677.15,28.05,34.41
1952,42.709,23.398,95138.87,28.46,39.9
3474,42.68,23.293,95115.97,28.14,31.5
3096,42.7,23.36,95818.14,26.14,36.93
4475,42.654,23.316,94990.48,18.74,68.94
3474,42.68,23.293,94216.7,22.08,46.36
2230,42.692,23.332,95565.0,20.08,62.28
3472,42.669,23.318,94851.13,28.24,33.25
1846,42.64,23.31,93548.58,36.58,32.7
1846,42.64,23.31,94103.5,24.86,54.27
2216,42.664,23.373,94658.19,24.53,56.82
2323,42.686,23.4,95863.15,17.36,86.33
1954,42.704,23.354,95411.06,16.69,78.43
3428,42.624,23.406,94441.34,29.17,30.24
3092,42.666,23.284,94416.34,33.74,0.0
2234,42.685,23.356,95270.72,25.4,43.48
2294,42.645,23.265,93339.99,19.46,72.44
3428,42.624,23.406,95095.06,26.89,45.81
3296,42.671,23.325,94833.13,21.03,59.07
2323,42.686,23.4,94559.2,28.62,47.52
3472,42.669,23.318,95042.01,21.75,46.11
1764,42.622,23.366,94417.31,31.07,33.85
3428,42.624,23.406,94023.19,26.01,54.36
2607,42.66,23.319,94932.51,32.58,27.5
3438,42.738,23.293,95436.91,20.77,81.63
3500,42.703,23.349,94386.02,22.37,63.96
3642,42.694,23.36,95191.44,16.77,76.43
3472,42.669,23.318,94579.05,21.83,48.39
2036,42.657,23.349,95114.18,19.1,70.31
3296,42.671,23.325,95293.3,16.42,75.78
2038,42.694,23.32,94901.86,26.4,50.44
4467,42.665,23.278,93836.69,21.56,65.68
2224,42.651,23.335,94985.23,26.89,43.73
1954,42.704,23.354,95030.77,27.71,35.56
2216,42.664,23.373,94616.9,33.84,35.48
1846,42.64,23.31,93076.11,29.69,38.6
1846,42.64,23.31,93932.41,17.67,77.32
3474,42.68,23.293,94712.37,32.99,28.61
1846,42.64,23.31,94349.42,17.32,78.2
3438,42.738,23.293,94963.86,23.48,63.22
3432,42.71,23.419,95832.86,29.61,34.47
2036,42.657,23.349,94396.36,22.14,63.74
2262,42.691,23.324,94892.45,23.96,41.66
2216,42.664,23.373,95461.94,30.06,40.72
2264,42.671,23.31,94394.25,37.5,23.68
1846,42.64,23.31,94267.77,25.74,43.51
1954,42.704,23.354,95517.63,19.96,61.37
1764,42.622,23.366,94494.88,18.42,66.66
3432,42.71,23.419,95608.69,29.75,42.28
3500,42.703,23.349,95089.88,49.29,9.55
3102,42.665,23.392,95498.55,25.7,48.88
2292,42.663,23.273,94520.16,20.37,64.07
3472,42.669,23.318,94185.6,25.74,46.22
2264,42.671,23.31,94739.92,26.72,48.18
1850,42.677,23.311,94952.34,23.37,46.59
3092,42.666,23.284,94923.13,31.28,0.0
3474,42.68,23.293,95212.81,25.86,40.2
3500,42.703,23.349,94199.26,37.38,22.6
1846,42.64,23.31,93758.34,49.97,15.17
3438,42.738,23.293,95464.09,27.76,46.69
3474,42.68,23.293,94977.22,30.56,28.87
3092,42.666,23.284,94875.31,22.38,58.02
2607,42.66,23.319,94760.02,17.88,65.13
3982,42.654,23.33,94659.43,21.95,0.0
3836,42.702,23.371,95592.26,28.47,45.18
3428,42.624,23.406,94850.52,28.99,30.24
2224,42.651,23.335,94904.88,24.71,47.96
2607,42.66,23.319,93829.72,19.01,73.38
2038,42.694,23.32,95266.05,31.03,33.93
2294,42.645,23.265,92947.16,22.34,69.78
2036,42.657,23.349,93933.3,17.21,83.94
2230,42.692,23.332,95249.66,22.72,54.06
3436,42.693,23.359,95386.38,22.61,54.15
3472,42.669,23.318,94841.1,24.11,47.17
2224,42.651,23.335,94010.72,23.78,56.83
3436,42.693,23.359,94661.41,34.63,31.8
2262,42.691,23.324,95184.37,32.51,33.13
4467,42.665,23.278,95108.41,23.88,50.6
3836,42.702,23.371,95747.33,15.44,88.73
1952,42.709,23.398,95819.27,30.12,31.59
2036,42.657,23.349,95232.52,21.01,56.24
3436,42.693,23.359,95018.45,26.12,36.68
2607,42.66,23.319,95170.14,21.42,56.31
3102,42.665,23.392,95528.55,40.25,17.03
3968,42.689,23.357,95055.44,36.43,30.57
3102,42.665,23.392,95451.27,23.05,51.89
3092,42.666,23.284,94620.13,33.09,0.0
1850,42.677,23.311,95292.95,26.05,34.72
2040,42.686,23.351,117638.84,-145.12,100.0
3428,42.624,23.406,95263.64,18.85,71.48
3558,42.671,23.364,94173.62,18.64,78.61
1952,42.709,23.398,95678.75,29.73,43.46
2292,42.663,23.273,94287.47,23.96,53.24
1764,42.622,23.366,94186.52,18.07,73.49
3512,42.683,23.335,94746.64,27.74,49.11
2224,42.651,23.335,94389.94,34.26,27.59
2036,42.657,23.349,94210.46,30.21,36.73
3836,42.702,23.371,96085.9,17.39,89.33
3326,42.662,23.368,94660.27,27.2,46.53
3558,42.671,23.364,94925.69,15.72,92.26
2294,42.645,23.265,93080.98,40.91,19.85
3296,42.671,23.325,94806.42,23.99,50.08
1954,42.704,23.354,95383.96,19.47,62.45
3438,42.738,23.293,95613.53,21.69,68.94
2216,42.664,23.373,94445.89,35.2,28.21
3968,42.689,23.357,95203.39,33.55,27.53
2224,42.651,23.335,95095.67,31.6,34.3
3472,42.669,23.318,94156.73,21.77,48.53
2234,42.685,23.356,94909.72,27.41,41.24
3472,42.669,23.318,94374.31,26.0,52.87
1850,42.677,23.311,95483.77,17.37,70.28
2264,42.671,23.31,94604.42,35.12,17.94
2266,42.738,23.272,95541.95,28.4,42.93
2234,42.685,23.356,94688.2,30.98,34.88
2232,42.685,23.301,94859.89,29.74,28.09
2323,42.686,23.4,95713.2,24.66,47.82
3474,42.68,23.293,94494.12,33.47,31.83
3620,42.678,23.254,93753.47,20.54,81.01
2228,42.693,23.333,95534.16,27.63,46.56
1846,42.64,23.31,92979.45,18.77,73.08
1850,42.677,23.311,95268.94,29.61,45.64
2323,42.686,23.4,94276.01,22.62,66.58
3836,42.702,23.371,95788.5,15.88,88.06
1954,42.704,23.354,95704.05,21.76,56.26
2216,42.664,23.373,95565.04,28.74,30.12
3472,42.669,23.318,93497.75,31.42,33.69
2230,42.692,23.332,94743.02,31.19,35.39
1764,42.622,23.366,94240.54,24.77,72.94
2264,42.671,23.31,94904.98,20.2,69.65
4558,42.706,23.38,95944.14,37.91,25.09
2036,42.657,23.349,94950.06,30.97,33.87
2232,42.685,23.301,94814.56,30.95,27.34
3428,42.624,23.406,95017.79,34.74,36.52
3836,42.702,23.371,95420.88,24.27,41.17
2234,42.685,23.356,95550.97,19.28,66.34
2234,42.685,23.356,95212.17,28.15,38.15
1962,42.69,23.324,94853.53,42.38,17.76
3738,42.7,23.332,95614.23,28.26,33.68
1846,42.64,23.31,93308.81,34.83,27.33
3432,42.71,23.419,95825.31,21.65,57.28
2224,42.651,23.335,95262.67,26.64,34.71
3982,42.654,23.33,94508.21,22.7,0.0
2038,42.694,23.32,94395.2,20.11,67.7
2294,42.645,23.265,91685.86,23.78,64.89
2232,42.685,23.301,94582.21,20.9,65.89
3296,42.671,23.325,94661.66,32.66,23.02
3982,42.654,23.33,94801.69,30.45,0.0
1954,42.704,23.354,95620.16,27.65,33.92
4477,42.629,23.301,91504.42,16.01,83.47
3436,42.693,23.359,94389.23,19.91,77.37
3092,42.666,23.284,93653.77,25.07,0.0
2323,42.686,23.4,95566.63,34.07,25.89
3436,42.693,23.359,94358.52,21.03,73.31
2264,42.671,23.31,95320.3,36.9,21.13
3500,42.703,23.349,95140.22,29.06,42.72
1954,42.704,23.354,94931.92,36.26,28.54
3102,42.665,23.392,94443.65,28.27,44.6
3968,42.689,23.357,94710.05,37.24,21.39
2264,42.671,23.31,95370.6,27.03,37.69
3474,42.68,23.293,95055.07,21.63,57.16
2323,42.686,23.4,95667.74,23.68,56.35
2262,42.691,23.324,94796.41,29.61,22.42
1764,42.622,23.366,94569.91,30.33,38.84
3432,42.71,23.419,95247.52,21.49,55.7
4467,42.665,23.278,94539.92,23.63,47.61
1962,42.69,23.324,94842.19,33.55,25.27
1954,42.704,23.354,95250.27,22.08,54.13
2228,42.693,23.333,95406.97,18.24,67.24
1850,42.677,23.311,95507.89,23.63,48.58
2038,42.694,23.32,95365.86,24.4,59.11
3428,42.624,23.406,94577.19,33.43,37.02
3472,42.669,23.318,94487.3,16.54,80.92
3558,42.671,23.364,94488.5,38.76,14.97
3512,42.683,23.335,94684.41,19.73,80.1
2323,42.686,23.4,95217.17,22.72,47.11
2323,42.686,23.4,95316.86,34.86,24.05
2323,42.686,23.4,95996.94,21.61,51.99
4471,42.698,23.291,94985.75,38.78,16.8
3428,42.624,23.406,94187.39,23.49,52.94
1764,42.622,23.366,93820.06,21.99,57.08
3836,42.702,23.371,95392.32,26.36,51.46
3620,42.678,23.254,94597.3,20.4,64.12
2323,42.686,23.4,95632.14,29.59,31.33
2038,42.694,23.32,95548.48,31.18,28.59
3512,42.683,23.335,95474.36,21.46,68.62
3428,42.624,23.406,95499.84,28.45,33.86
1764,42.622,23.366,94434.39,30.19,43.81
1962,42.69,23.324,95358.37,19.27,67.29
3512,42.683,23.335,94615.16,38.1,21.59
4471,42.698,23.291,95657.05,20.81,62.5
4473,42.625,23.321,93514.94,22.04,61.08
2607,42.66,23.319,94751.64,34.11,27.12
2262,42.691,23.324,95243.63,35.21,25.29
3982,42.654,23.33,94928.8,23.68,0.0
4608,42.708,23.308,95540.44,25.32,46.48
3438,42.738,23.293,95392.98,35.21,33.12
2228,42.693,23.333,94971.09,25.07,44.28
2607,42.66,23.319,94316.14,22.17,47.94
1954,42.704,23.354,95600.15,24.71,49.91
1952,42.709,23.398,95518.36,34.56,32.82
1850,42.677,23.311,94661.83,32.02,38.44
3500,42.703,23.349,94854.89,43.42,10.85
2038,42.694,23.32,95799.09,21.75,57.04
3474,42.68,23.293,94020.97,29.57,42.62
2264,42.671,23.31,95421.0,22.4,54.52
3472,42.669,23.318,94034.2,35.2,29.05
3968,42.689,23.357,95283.53,27.45,48.18
2266,42.738,23.272,95469.49,22.2,70.34
3472,42.669,23.318,94833.92,31.93,37.15
3558,42.671,23.364,94261.72,24.92,45.76
2262,42.691,23.324,94940.33,32.75,25.65
2232,42.685,23.301,95124.67,23.05,62.67
2230,42.692,23.332,95851.47,23.8,56.79
2607,42.66,23.319,94175.66,29.37,32.49
3472,42.669,23.318,94210.06,22.69,47.58
4471,42.698,23.291,95694.84,23.65,54.29
4479,42.675,23.24,94052.51,31.05,26.06
3102,42.665,23.392,94984.41,34.22,31.27
3500,42.703,23.349,94880.58,41.37,12.77
3512,42.683,23.335,95276.97,23.13,54.1
3642,42.694,23.36,95080.71,19.99,62.0
2607,42.66,23.319,94387.31,27.02,38.91
3620,42.678,23.254,94951.74,22.59,63.64
3096,42.7,23.36,94553.98,21.79,63.34
2230,42.692,23.332,95501.68,23.45,75.46
2224,42.651,23.335,95039.67,19.47,56.87
2266,42.738,23.272,95822.45,27.02,37.37
3836,42.702,23.371,95255.48,31.59,33.06
4358,42.703,23.373,94654.69,18.28,87.12
1954,42.704,23.354,94989.02,29.13,40.81
4473,42.625,23.321,93498.0,26.59,40.57
3438,42.738,23.293,95458.16,26.99,48.73
2228,42.693,23.333,94844.77,24.46,56.08
2266,42.738,23.272,94252.19,30.82,38.16
3096,42.7,23.36,95031.39,26.77,47.54
3836,42.702,23.371,95442.83,31.1,44.29
1962,42.69,23.324,95770.29,18.37,65.54
2234,42.685,23.356,95206.08,31.28,37.64
2264,42.671,23.31,94889.41,34.25,24.91
2224,42.651,23.335,94879.8,18.89,60.3
3474,42.68,23.293,95359.98,17.74,85.18
1962,42.69,23.324,94809.61,34.79,18.82
2038,42.694,23.32,94473.92,25.41,42.67
1850,42.677,23.311,95117.66,29.37,39.07
2040,42.686,23.351,95253.98,34.9,22.77
3472,42.669,23.318,95116.31,17.85,60.67
2262,42.691,23.324,95410.89,22.64,60.78
2262,42.691,23.324,94631.43,40.14,17.84
1850,42.677,23.311,94627.39,31.56,33.72
3474,42.68,23.293,95004.65,18.55,64.94
3432,42.71,23.419,95878.89,28.02,47.98
3428,42.624,23.406,94996.16,30.3,42.65
3096,42.7,23.36,95443.0,29.51,31.22
3512,42.683,23.335,94881.8,27.22,33.74
4358,42.703,23.373,94698.41,25.99,44.55
2323,42.686,23.4,94992.66,31.06,14.13
3474,42.68,23.293,94016.17,31.08,40.11
2266,42.738,23.272,94883.23,36.37,24.7
2323,42.686,23.4,95699.08,19.75,58.79
1962,42.69,23.324,95235.75,31.07,31.96
2264,42.671,23.31,95178.7,35.8,33.5
3102,42.665,23.392,95353.83,19.21,63.2
3474,42.68,23.293,95072.2,24.5,48.44
2216,42.664,23.373,95124.78,16.8,88.77
2040,42.686,23.351,117638.84,-145.12,100.0
3500,42.703,23.349,94841.43,29.16,42.13
1764,42.622,23.366,94043.2,22.78,41.87
3500,42.703,23.349,94455.27,19.49,74.95
3500,42.703,23.349,95333.88,31.68,32.59
4475,42.654,23.316,94876.05,22.4,53.38
3982,42.654,23.33,95139.06,22.68,0.0
3620,42.678,23.254,94797.75,33.19,31.94
2224,42.651,23.335,95049.28,19.05,57.94
3296,42.671,23.325,94713.22,18.27,61.85
3092,42.666,23.284,94770.33,31.31,0.0
3474,42.68,23.293,95167.09,26.26,35.46
1952,42.709,23.398,95864.09,38.62,28.13
2232,42.685,23.301,94330.16,39.73,19.52
1954,42.704,23.354,95024.53,34.64,19.18
3428,42.624,23.406,95045.06,24.17,55.57
3096,42.7,23.36,95518.59,19.22,61.24
2040,42.686,23.351,95474.92,15.9,89.16
3836,42.702,23.371,95681.32,32.85,36.61
1846,42.64,23.31,93028.64,16.26,96.92
2266,42.738,23.272,94924.1,38.35,19.75
2262,42.691,23.324,95216.97,23.54,47.99
3512,42.683,23.335,95444.88,42.04,21.13
2232,42.685,23.301,94169.94,26.81,39.17
2294,42.645,23.265,92539.41,20.45,58.82
1962,42.69,23.324,94829.41,23.04,45.44
2038,42.694,23.32,95183.3,33.57,28.2
3620,42.678,23.254,94950.95,25.02,41.02
3642,42.694,23.36,94755.83,21.21,54.96
3836,42.702,23.371,95196.4,32.14,28.08
2230,42.692,23.332,95187.09,23.07,49.42
3428,42.624,23.406,94349.17,38.59,18.54
1962,42.69,23.324,95166.47,34.93,24.56
2216,42.664,23.373,95002.64,24.06,58.56
3102,42.665,23.392,94578.45,28.82,37.77
3432,42.71,23.419,95854.2,35.01,19.55
3472,42.669,23.318,94594.3,27.83,47.65
1850,42.677,23.311,95538.02,20.75,57.5
2323,42.686,23.4,95368.52,32.76,32.27
2038,42.694,23.32,95647.45,24.72,48.96
2607,42.66,23.319,95251.34,22.19,37.52
3738,42.7,23.332,94568.17,23.15,68.03
3296,42.671,23.325,95019.65,28.42,32.83
3472,42.669,23.318,94747.27,20.6,58.81
3474,42.68,23.293,95404.28,17.44,86.85
2232,42.685,23.301,95149.78,30.48,32.09
1952,42.709,23.398,96100.41,18.45,76.4
3296,42.671,23.325,94764.73,28.38,41.74
1764,42.622,23.366,93963.3,21.9,68.08
2224,42.651,23.335,94912.75,16.71,75.25
2262,42.691,23.324,95466.02,32.06,26.14
1846,42.64,23.31,93958.77,15.97,78.42
3836,42.702,23.371,95322.77,22.51,69.35
1846,42.64,23.31,92974.43,24.75,61.7
3096,42.7,23.36,95210.83,37.19,21.66
2294,42.645,23.265,93301.7,16.77,88.34
1850,42.677,23.311,94603.08,28.03,44.88
2224,42.651,23.335,94933.16,32.34,36.85
2294,42.645,23.265,93203.99,14.28,70.48
1764,42.622,23.366,93748.23,36.01,27.98
2234,42.685,23.356,95391.94,23.91,55.03
2323,42.686,23.4,95586.34,32.15,31.08
2264,42.671,23.31,95330.63,20.12,67.43
2264,42.671,23.31,95017.25,22.82,73.21
3474,42.68,23.293,93726.13,33.26,28.92
2230,42.692,23.332,95539.22,28.03,38.55
1846,42.64,23.31,93808.95,21.67,67.16
2036,42.657,23.349,95272.22,24.65,35.03
2036,42.657,23.349,94066.34,33.99,28.1
2266,42.738,23.272,95170.83,27.42,48.81
1962,42.69,23.324,94843.86,29.91,34.5
2040,42.686,23.351,117638.84,-145.12,100.0
2224,42.651,23.335,95259.2,17.55,62.19
2294,42.645,23.265,92591.67,21.07,59.67
1764,42.622,23.366,94481.14,24.24,38.94
2264,42.671,23.31,94430.02,21.03,49.48
2216,42.664,23.373,94120.69,26.71,57.37
3512,42.683,23.335,95316.83,19.22,84.48
3102,42.665,23.392,95606.99,19.8,57.75
3738,42.7,23.332,95188.1,24.05,60.69
3432,42.71,23.419,95375.16,22.55,67.55
2232,42.685,23.301,95327.73,32.3,31.05
1962,42.69,23.324,94601.89,20.41,50.47
3092,42.666,23.284,95149.94,24.69,0.0
1764,42.622,23.366,94257.17,33.67,25.33
3438,42.738,23.293,94989.77,24.05,60.39
2038,42.694,23.32,94326.91,21.84,64.22
2294,42.645,23.265,93252.11,16.48,59.01
2607,42.66,23.319,94552.58,15.57,87.56
2038,42.694,23.32,95540.77,31.07,36.33
2232,42.685,23.301,94164.32,26.01,42.56
3092,42.666,23.284,94825.31,26.39,0.0
2232,42.685,23.301,95167.2,30.26,31.24
2228,42.693,23.333,95510.22,24.95,54.82
3836,42.702,23.371,95996.05,23.82,47.41
4358,42.703,23.373,95424.5,16.74,75.42
3968,42.689,23.357,94660.7,28.49,44.93
2230,42.692,23.332,95694.16,21.29,61.05
2228,42.693,23.333,95528.05,28.44,45.63
3982,42.654,23.33,94919.95,37.14,0.0
3738,42.7,23.332,95362.53,32.18,42.17
1952,42.709,23.398,94730.86,16.24,97.19
4358,42.703,23.373,94692.32,25.45,46.18
4467,42.665,23.278,93384.11,27.96,56.53
2224,42.651,23.335,95099.94,19.14,64.78
1846,42.64,23.31,93515.41,29.98,34.39
2036,42.657,23.349,95155.0,29.28,33.57
2230,42.692,23.332,95500.34,27.11,40.96
1962,42.69,23.324,94894.32,25.05,40.98
2294,42.645,23.265,92470.99,20.75,69.83
3500,42.703,23.349,95631.2,32.88,27.4
2038,42.694,23.32,94441.42,22.51,60.69
2294,42.645,23.265,92522.61,22.89,46.89
1846,42.64,23.31,92905.84,18.54,98.47
3738,42.7,23.332,96025.31,17.87,67.2
3296,42.671,23.325,93664.99,25.94,56.76
2040,42.686,23.351,117638.84,-145.12,100.0
2224,42.651,23.335,94196.89,29.42,40.84
3428,42.624,23.406,94996.64,22.05,67.95
2294,42.645,23.265,93191.58,20.51,66.4
2262,42.691,23.324,94857.46,23.62,52.06
1962,42.69,23.324,95471.93,34.97,25.59
2234,42.685,23.356,95261.98,26.03,50.64
3512,42.683,23.335,94714.55,18.46,59.69
3092,42.666,23.284,95089.94,28.47,0.0
1952,42.709,23.398,95541.63,35.44,24.92
2323,42.686,23.4,95589.44,32.05,30.96
2216,42.664,23.373,95466.28,27.59,44.23
2216,42.664,23.373,95292.5,23.75,58.99
1850,42.677,23.311,95167.34,19.8,79.8
2266,42.738,23.272,94757.91,18.63,80.03
2266,42.738,23.272,95927.99,18.2,70.99
3438,42.738,23.293,95376.28,27.95,50.74
3836,42.702,23.371,94562.47,24.54,61.91
3326,42.662,23.368,95396.23,16.98,79.34
3620,42.678,23.254,94344.48,31.58,38.04
2036,42.657,23.349,95081.67,21.29,53.88
3096,42.7,23.36,95760.03,23.05,54.48
3472,42.669,23.318,94811.19,23.36,58.15
3836,42.702,23.371,95904.62,23.73,54.73
1846,42.64,23.31,93708.16,54.21,12.59
3102,42.665,23.392,95541.21,39.38,16.23
2294,42.645,23.265,92288.98,19.34,77.08
3738,42.7,23.332,95475.7,28.5,56.28
1962,42.69,23.324,95098.63,30.15,46.21
2038,42.694,23.32,95477.58,29.35,45.43
2216,42.664,23.373,94226.15,32.65,33.19
2294,42.645,23.265,92616.52,28.4,46.68
2038,42.694,23.32,95361.28,29.01,39.55
3438,42.738,23.293,94980.13,34.61,33.99
3558,42.671,23.364,95411.27,23.2,50.71
2228,42.693,23.333,94815.25,30.83,36.28
2224,42.651,23.335,95124.63,22.09,46.19
2038,42.694,23.32,95566.27,21.25,53.69
1952,42.709,23.398,95018.25,31.47,32.36
2230,42.692,23.332,94898.0,24.78,39.92
3836,42.702,23.371,96004.88,22.02,62.51
2224,42.651,23.335,94991.03,20.95,59.82
1954,42.704,23.354,94481.19,19.78,71.87
3438,42.738,23.293,95553.0,16.38,85.94
2228,42.693,23.333,95385.73,25.72,47.4
3472,42.669,23.318,94845.66,20.84,53.92
2262,42.691,23.324,95374.22,17.39,78.39
2262,42.691,23.324,95474.11,29.81,29.65
3472,42.669,23.318,94614.08,19.97,62.91
2038,42.694,23.32,94908.23,24.41,53.25
1850,42.677,23.311,94170.98,19.96,87.06
3436,42.693,23.359,94921.98,24.77,43.37
2230,42.692,23.332,95373.03,26.75,45.54
2262,42.691,23.324,95404.03,24.23,51.81
3092,42.666,23.284,94917.3,27.96,39.94
2292,42.663,23.273,95116.63,13.82,81.54
1764,42.622,23.366,93614.15,16.38,65.16
3428,42.624,23.406,94600.81,35.09,31.17
3096,42.7,23.36,94622.35,31.62,33.19
3474,42.68,23.293,94821.7,21.05,55.39
3500,42.703,23.349,95587.3,34.69,26.45
2038,42.694,23.32,95023.5,25.88,52.59
3296,42.671,23.325,95103.66,22.18,56.6
2228,42.693,23.333,95301.34,18.9,64.99
3092,42.666,23.284,95048.8,27.56,0.0
2234,42.685,23.356,94518.36,21.84,44.8
3500,42.703,23.349,95811.71,24.62,46.81
1850,42.677,23.311,95197.0,30.81,29.72
2234,42.685,23.356,95589.31,21.52,55.97
1850,42.677,23.311,94737.67,26.64,50.79
1954,42.704,23.354,95381.03,26.45,44.57
2292,42.663,23.273,95141.3,16.65,71.36
3092,42.666,23.284,93765.63,25.78,0.0
3438,42.738,23.293,94945.52,35.05,31.41
3428,42.624,23.406,93866.63,28.66,49.58
2224,42.651,23.335,94122.84,35.05,26.25
1954,42.704,23.354,95883.22,16.52,69.61
3428,42.624,23.406,94537.0,26.52,43.94
2292,42.663,23.273,94774.34,18.67,72.24
3642,42.694,23.36,95111.31,25.42,48.02
2266,42.738,23.272,95937.2,24.41,43.43
4358,42.703,23.373,95068.26,19.16,60.5
3438,42.738,23.293,95443.55,19.44,81.04
3102,42.665,23.392,95391.52,37.25,23.62
2323,42.686,23.4,95565.08,15.5,83.38
3436,42.693,23.359,94526.19,22.83,60.08
2294,42.645,23.265,92862.42,29.3,38.46
2230,42.692,23.332,95343.91,28.36,46.86
2232,42.685,23.301,95021.69,33.54,34.22
2224,42.651,23.335,94988.42,30.87,30.78
2036,42.657,23.349,94012.97,29.26,36.56
3438,42.738,23.293,95440.3,25.66,47.3
2292,42.663,23.273,94759.3,14.8,82.82
2294,42.645,23.265,92014.49,15.72,82.89
1954,42.704,23.354,94750.72,18.45,80.61
2232,42.685,23.301,95093.02,25.19,56.58
3102,42.665,23.392,95354.45,26.82,39.92
3836,42.702,23.371,95677.3,20.78,63.02
2224,42.651,23.335,94822.23,32.83,34.72
2262,42.691,23.324,95448.94,24.58,55.19
2230,42.692,23.332,94229.8,27.62,44.41
3096,42.7,23.36,95498.97,25.78,46.11
2262,42.691,23.324,95075.75,37.6,30.27
2262,42.691,23.324,95153.87,34.39,39.94
2228,42.693,23.333,94530.2,32.19,38.1
1764,42.622,23.366,94420.16,29.71,31.63
2607,42.66,23.319,94258.11,16.43,85.33
3836,42.702,23.371,95597.7,28.55,45.3
2264,42.671,23.31,95048.88,25.56,47.41
3296,42.671,23.325,94460.06,26.0,39.97
2607,42.66,23.319,94202.12,27.35,45.03
2262,42.691,23.324,94060.66,24.83,58.0
3472,42.669,23.318,94843.38,30.7,39.04
1962,42.69,23.324,94403.02,19.41,75.51
1952,42.709,23.398,95271.22,37.24,22.95
3836,42.702,23.371,95424.73,16.78,91.7
2294,42.645,23.265,93230.3,23.85,55.17
3102,42.665,23.392,95632.69,33.39,22.76
2234,42.685,23.356,95192.68,32.67,34.78
3982,42.654,23.33,94939.91,22.46,0.0
2264,42.671,23.31,94254.37,31.37,34.02
3438,42.738,23.293,95822.27,19.0,66.81
3738,42.7,23.332,95695.35,28.48,33.34
3296,42.671,23.325,95044.92,33.25,24.69
3512,42.683,23.335,95470.02,41.07,21.91
2216,42.664,23.373,95212.58,29.66,43.19
1962,42.69,23.324,95314.09,25.26,46.56
1952,42.709,23.398,96012.94,26.8,33.22
2038,42.694,23.32,95221.53,22.15,51.72
2216,42.664,23.373,95562.94,20.54,57.46
3512,42.683,23.335,94340.81,19.81,75.7
2323,42.686,23.4,95430.44,28.5,43.56
3968,42.689,23.357,95194.31,16.63,83.72
2266,42.738,23.272,95657.75,27.56,36.53
1962,42.69,23.324,95222.68,29.2,38.05
3102,42.665,23.392,95353.06,23.82,60.9
4358,42.703,23.373,95207.19,21.95,72.28
3102,42.665,23.392,95245.92,20.31,55.78
3620,42.678,23.254,94254.69,29.55,27.85
3428,42.624,23.406,95249.41,20.84,57.54
1962,42.69,23.324,95536.28,21.36,57.85
3512,42.683,23.335,95758.45,34.31,29.17
3738,42.7,23.332,95356.79,31.25,26.87
3474,42.68,23.293,94813.8,20.3,56.2
2264,42.671,23.31,95511.13,18.42,68.33
3620,42.678,23.254,94300.42,25.71,58.09
3982,42.654,23.33,94393.75,22.24,0.0
1954,42.704,23.354,95177.23,35.44,32.2
2264,42.671,23.31,94607.69,26.25,52.14
2224,42.651,23.335,94930.7,23.33,56.66
2036,42.657,23.349,94980.55,19.42,79.33
2234,42.685,23.356,95548.72,22.6,50.22
3472,42.669,23.318,94163.16,29.44,35.46
3436,42.693,23.359,94384.89,20.18,75.76
1962,42.69,23.324,95175.87,25.72,59.56
3836,42.702,23.371,94429.31,31.95,31.9
3558,42.671,23.364,94587.68,33.27,24.31
2264,42.671,23.31,95366.66,33.83,30.08
2294,42.645,23.265,93078.75,35.04,22.17
2232,42.685,23.301,94113.85,21.28,65.21
2264,42.671,23.31,95089.06,22.16,57.87
3836,42.702,23.371,96004.34,21.66,57.35
3102,42.665,23.392,95228.64,23.14,57.17
3836,42.702,23.371,95890.8,22.13,55.33
2228,42.693,23.333,95409.59,30.89,31.13
2232,42.685,23.301,95022.78,20.82,54.32
2294,42.645,23.265,92428.48,21.99,52.31
2234,42.685,23.356,95558.17,25.9,43.29
2232,42.685,23.301,94577.05,32.63,36.53
3738,42.7,23.332,95429.02,20.94,57.58
3438,42.738,23.293,95450.55,22.95,55.93
3982,42.654,23.33,94385.7,29.12,0.0
3096,42.7,23.36,95156.03,25.17,57.19
4475,42.654,23.316,94087.09,18.03,58.41
2216,42.664,23.373,94644.79,24.92,55.75
3096,42.7,23.36,95574.31,19.25,67.02
4471,42.698,23.291,95558.09,48.81,11.09
2232,42.685,23.301,95125.61,22.27,64.55
3836,42.702,23.371,95830.19,28.15,49.24
1850,42.677,23.311,95296.94,22.37,63.93
2230,42.692,23.332,94886.36,24.53,38.88
3438,42.738,23.293,95368.17,15.74,90.92
2038,42.694,23.32,94407.88,22.08,63.59
3500,42.703,23.349,95577.55,26.35,42.47
3836,42.702,23.371,95741.32,25.84,51.72
2323,42.686,23.4,94895.69,17.02,63.95
1962,42.69,23.324,94891.88,26.67,37.23
2038,42.694,23.32,95361.98,21.33,52.88
3092,42.666,23.284,94678.2,30.21,0.0
3642,42.694,23.36,95132.0,17.02,70.23
3296,42.671,23.325,95139.09,20.19,63.32
2040,42.686,23.351,117638.84,-145.12,100.0
3328,42.675,23.356,95055.25,40.8,21.14
3982,42.654,23.33,94214.47,17.54,0.0
3474,42.68,23.293,94536.34,31.95,26.61
3102,42.665,23.392,95219.94,32.9,27.29
2038,42.694,23.32,95338.49,31.08,34.96
3092,42.666,23.284,94919.56,33.79,0.0
4475,42.654,23.316,94880.41,31.83,22.88
2266,42.738,23.272,95708.63,30.34,35.63
4473,42.625,23.321,92164.34,24.92,57.05
2230,42.692,23.332,95681.78,22.15,59.67
2266,42.738,23.272,95665.56,23.09,61.0
2264,42.671,23.31,95307.55,23.82,68.11
1764,42.622,23.366,93640.92,15.87,68.29
2232,42.685,23.301,95095.91,29.07,33.84
2232,42.685,23.301,95139.52,22.47,55.3
1764,42.622,23.366,94392.27,21.17,69.05
2230,42.692,23.332,95598.42,28.46,36.25
2040,42.686,23.351,117638.84,-145.12,100.0
1846,42.64,23.31,93661.86,24.52,44.79
4467,42.665,23.278,93540.87,28.03,46.37
1846,42.64,23.31,93940.89,19.12,74.13
3438,42.738,23.293,95376.17,31.6,38.69
2224,42.651,23.335,95111.31,19.72,63.31
4473,42.625,23.321,93509.0,26.99,39.15
3512,42.683,23.335,95747.58,16.13,84.7
3438,42.738,23.293,95713.09,20.33,62.45
2230,42.692,23.332,94640.22,21.9,69.33
1962,42.69,23.324,95272.23,22.91,48.3
2224,42.651,23.335,95270.02,25.83,37.08
3642,42.694,23.36,95127.23,33.31,32.89
3428,42.624,23.406,95292.91,24.06,49.6
2228,42.693,23.333,95620.48,20.08,64.5
3096,42.7,23.36,95444.38,20.92,57.42
3982,42.654,23.33,94940.72,20.6,0.0
2230,42.692,23.332,95221.7,22.52,47.92
1954,42.704,23.354,94879.55,18.52,78.19
3738,42.7,23.332,95749.94,21.91,51.66
2228,42.693,23.333,94909.45,27.47,46.35
2234,42.685,23.356,95178.15,36.84,18.11
3620,42.678,23.254,94957.72,34.48,33.21
1952,42.709,23.398,95822.68,15.61,96.1
1850,42.677,23.311,95217.61,31.06,27.92
3836,42.702,23.371,95582.37,32.65,31.27
3438,42.738,23.293,94917.95,37.53,23.85
2230,42.692,23.332,95004.01,24.48,41.49
3432,42.71,23.419,95340.83,22.56,65.49
2036,42.657,23.349,95371.53,18.62,61.45
3438,42.738,23.293,95627.67,24.17,61.71
2230,42.692,23.332,95841.97,17.63,71.56
3432,42.71,23.419,95582.95,25.04,63.16
2234,42.685,23.356,94657.42,18.57,55.5
2224,42.651,23.335,93616.55,26.32,54.34
3474,42.68,23.293,94959.81,24.02,66.73
1962,42.69,23.324,95313.95,20.63,61.82
2266,42.738,23.272,95558.33,27.4,49.25
3836,42.702,23.371,95834.59,28.98,38.05
1850,42.677,23.311,95067.03,29.63,30.08
3982,42.654,23.33,94688.41,18.46,0.0
3436,42.693,23.359,95462.13,25.19,49.35
2038,42.694,23.32,94404.36,29.32,43.29
3102,42.665,23.392,95452.5,26.79,45.14
3296,42.671,23.325,95002.34,22.55,53.32
1954,42.704,23.354,95332.51,35.18,31.75
3096,42.7,23.36,95941.59,23.49,51.36
1850,42.677,23.311,95599.88,15.14,77.21
3738,42.7,23.332,95758.67,22.36,49.82
2264,42.671,23.31,95015.05,32.95,30.01
3428,42.624,23.406,95534.32,25.81,46.33
3500,42.703,23.349,95230.37,20.94,49.36
3102,42.665,23.392,95485.39,21.86,58.25
3472,42.669,23.318,94840.2,28.58,32.03
3474,42.68,23.293,95450.36,23.46,44.04
1850,42.677,23.311,95319.84,30.17,32.0
3836,42.702,23.371,95939.21,21.44,50.5
3474,42.68,23.293,94813.44,20.41,55.37
1962,42.69,23.324,95164.97,47.64,18.65
3836,42.702,23.371,94638.47,23.01,66.39
2264,42.671,23.31,94149.2,24.48,57.4
2224,42.651,23.335,94392.03,25.92,50.26
3474,42.68,23.293,95109.57,32.3,36.42
3500,42.703,23.349,95463.11,17.3,72.0
2294,42.645,23.265,93092.14,26.12,56.05
1850,42.677,23.311,95237.7,22.29,55.98
4467,42.665,23.278,94877.89,31.6,32.28
2607,42.66,23.319,94697.94,17.49,63.04
3438,42.738,23.293,94860.3,17.69,89.15
1962,42.69,23.324,94356.37,17.39,83.05
3642,42.694,23.36,94196.18,19.26,80.36
4475,42.654,23.316,94343.54,24.93,36.89
3836,42.702,23.371,95772.13,17.94,78.67
3432,42.71,23.419,95775.0,16.54,77.21
2038,42.694,23.32,95349.95,23.27,61.82
2323,42.686,23.4,94540.46,17.99,81.0
3968,42.689,23.357,95089.34,16.69,81.24
3968,42.689,23.357,95064.67,28.26,48.64
2266,42.738,23.272,95519.75,30.86,42.45
2292,42.663,23.273,94854.77,31.47,28.58
1954,42.704,23.354,95883.52,18.21,79.42
3836,42.702,23.371,95655.54,43.08,13.93
3432,42.71,23.419,95734.0,17.63,75.1
1954,42.704,23.354,95463.43,32.54,27.91
3738,42.7,23.332,95444.45,25.75,52.59
3982,42.654,23.33,94825.42,22.69,0.0
2234,42.685,23.356,94928.58,32.05,26.14
2224,42.651,23.335,95075.41,20.93,59.36
3512,42.683,23.335,94457.08,33.19,37.23
3296,42.671,23.325,95054.73,34.63,22.77
1764,42.622,23.366,94558.87,14.88,77.2
3558,42.671,23.364,94590.47,26.25,50.41
2264,42.671,23.31,94696.94,32.12,42.36
3836,42.702,23.371,95647.1,17.24,82.25
2228,42.693,23.333,95063.54,26.87,42.04
2038,42.694,23.32,94467.13,25.56,42.13
2264,42.671,23.31,95175.59,24.41,59.89
3432,42.71,23.419,95276.91,18.85,85.44
2323,42.686,23.4,95470.17,26.3,47.16
2323,42.686,23.4,95409.82,33.26,33.11
2232,42.685,23.301,95493.91,18.2,62.92
3512,42.683,23.335,95419.14,31.11,32.82
3432,42.71,23.419,95188.27,34.88,31.33
1850,42.677,23.311,94923.42,24.06,45.72
3500,42.703,23.349,95304.64,16.29,87.41
3096,42.7,23.36,95042.12,27.68,36.47
2262,42.691,23.324,94842.02,24.83,50.33
2294,42.645,23.265,92651.84,23.63,47.31
3512,42.683,23.335,95660.5,37.61,22.46
3428,42.624,23.406,95144.53,20.1,70.07
2234,42.685,23.356,95207.42,18.89,65.77
2228,42.693,23.333,95219.08,27.58,32.61
3092,42.666,23.284,94443.06,34.84,0.0
3092,42.666,23.284,94941.33,20.12,67.47
2294,42.645,23.265,92411.92,37.16,15.61
2294,42.645,23.265,92897.16,14.73,71.96
3428,42.624,23.406,95046.27,22.89,58.97
2038,42.694,23.32,95565.28,23.73,58.97
3428,42.624,23.406,94352.06,22.44,62.46
3096,42.7,23.36,95572.09,29.02,33.13
3436,42.693,23.359,94943.23,38.27,20.82
3096,42.7,23.36,94870.21,32.68,34.28
1764,42.622,23.366,93250.55,18.91,76.88
2228,42.693,23.333,95486.52,22.83,58.72
3432,42.71,23.419,95542.87,25.12,57.52
3968,42.689,23.357,95031.55,31.88,38.2
1962,42.69,23.324,95290.27,25.7,45.45
3432,42.71,23.419,95682.02,32.01,31.86
1962,42.69,23.324,95644.58,24.79,42.36
2264,42.671,23.31,94723.8,32.03,45.06
3102,42.665,23.392,95838.14,29.8,32.7
2224,42.651,23.335,94664.98,20.22,57.45
3642,42.694,23.36,95342.95,20.58,80.78
2323,42.686,23.4,95151.98,22.56,63.46
2234,42.685,23.356,95215.39,33.29,28.37
3092,42.666,23.284,94763.22,38.11,0.0
2266,42.738,23.272,95666.16,17.16,78.33
4473,42.625,23.321,93394.7,23.77,49.48
2294,42.645,23.265,93005.98,43.24,15.63
3472,42.669,23.318,94751.57,16.07,79.49
3738,42.7,23.332,95059.39,20.34,54.71
3432,42.71,23.419,95650.67,21.59,79.2
2607,42.66,23.319,94812.08,19.61,82.07
2224,42.651,23.335,94910.3,27.54,40.77
1850,42.677,23.311,95240.86,20.29,75.11
2216,42.664,23.373,95097.16,30.05,39.78
2232,42.685,23.301,95295.59,23.21,51.42
2264,42.671,23.31,94349.95,22.89,60.58
3472,42.669,23.318,94974.94,32.18,26.37
3558,42.671,23.364,94699.45,28.7,30.71
3472,42.669,23.318,94585.1,21.63,49.97
3092,42.666,23.284,94816.51,22.34,0.0
2216,42.664,23.373,95197.52,28.38,44.03
2040,42.686,23.351,94932.13,27.72,49.47
2228,42.693,23.333,95363.38,20.01,75.48
3512,42.683,23.335,95542.58,27.06,39.45
2607,42.66,23.319,94841.07,33.15,26.91
2294,42.645,23.265,93067.58,23.91,54.99
2607,42.66,23.319,93666.54,26.17,44.23
3738,42.7,23.332,95507.73,18.67,71.4
1850,42.677,23.311,94404.45,17.09,92.14
4473,42.625,23.321,93346.44,39.5,18.94
3474,42.68,23.293,94413.58,18.46,83.6
2323,42.686,23.4,95506.69,32.67,34.27
3512,42.683,23.335,93960.41,29.34,57.51
1764,42.622,23.366,94637.76,16.06,94.5
2607,42.66,23.319,94543.61,45.45,22.31
2232,42.685,23.301,94485.34,37.47,21.94
4473,42.625,23.321,91936.02,29.56,38.65
3620,42.678,23.254,94440.69,25.65,57.73
2216,42.664,23.373,94830.73,23.24,66.52
2323,42.686,23.4,95378.89,37.21,20.89
2607,42.66,23.319,94079.67,43.57,16.8
3620,42.678,23.254,93445.41,28.67,53.63
2234,42.685,23.356,94837.62,25.34,51.98
3436,42.693,23.359,95738.16,24.39,47.33
3436,42.693,23.359,94484.04,24.25,46.82
1846,42.64,23.31,93446.16,17.85,62.5
2038,42.694,23.32,95767.71,19.29,74.51
3982,42.654,23.33,94657.56,20.89,0.0
1962,42.69,23.324,95083.7,30.92,44.77
1962,42.69,23.324,95146.33,19.57,52.64
2262,42.691,23.324,95345.23,32.35,38.67
1952,42.709,23.398,95684.73,29.95,40.75
2038,42.694,23.32,95641.98,30.05,28.15
2230,42.692,23.332,95512.19,29.74,37.95
2216,42.664,23.373,94661.47,21.01,67.79
1846,42.64,23.31,93366.41,28.44,38.26
2224,42.651,23.335,94733.7,34.99,23.57
3620,42.678,23.254,94965.73,30.45,48.61
3438,42.738,23.293,94848.95,36.62,18.34
3096,42.7,23.36,95781.81,32.76,29.94
1846,42.64,23.31,93747.09,21.67,49.24
3982,42.654,23.33,94640.98,35.39,0.0
2040,42.686,23.351,95610.48,20.44,56.57
1846,42.64,23.31,92999.06,17.08,89.17
3642,42.694,23.36,94763.09,28.06,49.61
2232,42.685,23.301,95343.48,17.75,65.32
3738,42.7,23.332,95611.98,23.74,59.84
1846,42.64,23.31,93469.11,27.14,48.27
3836,42.702,23.371,95802.05,31.61,30.52
2264,42.671,23.31,95216.13,26.55,45.99
3296,42.671,23.325,94962.54,39.65,18.27
3512,42.683,23.335,95749.11,18.51,68.4
2224,42.651,23.335,94797.66,23.39,66.0
3474,42.68,23.293,94678.61,27.02,39.68
4471,42.698,23.291,94251.59,24.7,49.68
2036,42.657,23.349,94997.31,17.35,78.49
2228,42.693,23.333,95245.06,27.02,35.4
1850,42.677,23.311,94901.58,33.8,29.4
1764,42.622,23.366,94185.16,32.96,36.97
3428,42.624,23.406,94761.39,29.4,41.36
2266,42.738,23.272,94737.66,22.69,52.87
2294,42.645,23.265,93163.45,29.23,33.39
3432,42.71,23.419,94829.86,19.41,78.71
2294,42.645,23.265,92390.14,28.12,42.57
3092,42.666,23.284,93801.95,22.36,0.0
1952,42.709,23.398,95645.53,28.49,43.98
1764,42.622,23.366,94118.58,20.78,53.59
1846,42.64,23.31,94156.75,25.76,39.02
3102,42.665,23.392,95384.7,19.22,75.85
2294,42.645,23.265,93031.56,40.37,19.12
2294,42.645,23.265,92535.12,27.91,52.91
3558,42.671,23.364,94176.31,19.58,77.75
2040,42.686,23.351,95482.75,15.88,86.6
1952,42.709,23.398,95886.77,28.22,29.29
2294,42.645,23.265,93160.98,38.66,18.87
3474,42.68,23.293,95009.13,18.03,70.76
2038,42.694,23.32,95265.65,20.14,55.23
3836,42.702,23.371,95822.12,26.05,33.1
1954,42.704,23.354,95668.81,22.16,54.65
3642,42.694,23.36,94974.53,20.21,61.16
4608,42.708,23.308,95504.55,28.56,41.2
3096,42.7,23.36,94717.25,21.22,70.01
2262,42.691,23.324,95253.0,35.2,24.29
1954,42.704,23.354,94434.02,22.34,65.18
2040,42.686,23.351,95632.41,18.55,65.55
2266,42.738,23.272,95916.31,22.79,56.34
2262,42.691,23.324,95404.79,33.12,33.31
3512,42.683,23.335,94719.65,17.89,64.37
2228,42.693,23.333,94990.11,29.5,32.33
3096,42.7,23.36,94971.97,21.46,65.26
2230,42.692,23.332,94554.73,28.7,43.38
1850,42.677,23.311,94831.9,26.14,36.42
1764,42.622,23.366,94191.2,30.2,31.28
3620,42.678,23.254,94127.99,35.99,31.52
2607,42.66,23.319,94813.19,19.91,77.0
2323,42.686,23.4,95546.66,30.61,30.06
3474,42.68,23.293,95294.45,25.1,38.63
3428,42.624,23.406,95085.26,29.89,43.18
2323,42.686,23.4,95037.16,24.24,38.35
2232,42.685,23.301,94225.61,27.12,44.83
3428,42.624,23.406,94475.11,19.67,76.54
2230,42.692,23.332,95137.5,27.46,37.86
2234,42.685,23.356,95505.36,23.35,51.36
1846,42.64,23.31,92925.78,22.72,63.95
3982,42.654,23.33,94742.87,28.64,0.0
2266,42.738,23.272,95248.38,24.51,60.57
3438,42.738,23.293,95607.12,27.86,28.56
1962,42.69,23.324,95148.01,19.93,52.32
2040,42.686,23.351,117638.84,-145.12,100.0
2036,42.657,23.349,94261.97,16.3,90.57
3096,42.7,23.36,95721.76,21.83,51.01
3092,42.666,23.284,94170.77,45.3,0.0
2607,42.66,23.319,95108.47,16.72,68.28
1764,42.622,23.366,94084.09,19.49,54.53
3500,42.703,23.349,94748.94,40.74,15.25
3436,42.693,23.359,95348.06,28.65,41.37
1764,42.622,23.366,93701.33,39.99,19.25
3092,42.666,23.284,94836.09,38.91,21.63
1850,42.677,23.311,95157.06,19.59,70.0
1952,42.709,23.398,95528.73,28.96,41.92
4358,42.703,23.373,95855.15,25.22,51.91
1764,42.622,23.366,94315.0,20.71,64.48
3642,42.694,23.36,95430.69,20.64,61.96
2234,42.685,23.356,95653.14,23.01,49.78
3982,42.654,23.33,93896.28,21.07,0.0
1850,42.677,23.311,94538.7,20.96,68.39
2262,42.691,23.324,95389.72,16.65,77.44
2262,42.691,23.324,95374.91,16.37,77.58
2216,42.664,23.373,93952.55,24.19,70.0
3092,42.666,23.284,94843.89,23.25,54.44
1952,42.709,23.398,95214.2,30.49,39.46
1954,42.704,23.354,95698.97,24.17,43.98
3620,42.678,23.254,94715.8,18.73,69.72
2040,42.686,23.351,95181.66,29.93,35.64
1846,42.64,23.31,94105.62,24.8,37.81
1846,42.64,23.31,93923.02,21.9,58.21
4477,42.629,23.301,92409.59,20.5,55.55
1962,42.69,23.324,95239.58,29.78,36.58
3472,42.669,23.318,94953.41,32.12,21.51
1850,42.677,23.311,94146.78,22.35,65.89
3472,42.669,23.318,94575.69,32.06,29.72
3096,42.7,23.36,95918.57,18.95,64.45
3428,42.624,23.406,94317.8,20.93,69.4
1954,42.704,23.354,94852.58,36.81,24.9
1850,42.677,23.311,95483.58,19.2,69.73
3472,42.669,23.318,94690.09,22.15,55.38
2228,42.693,23.333,95350.47,27.87,47.88
2232,42.685,23.301,95292.87,23.11,51.26
2230,42.692,23.332,94717.34,34.84,27.89
2036,42.657,23.349,94174.83,19.79,73.7
2292,42.663,23.273,94933.51,24.28,39.87
2038,42.694,23.32,95330.42,20.81,57.58
2264,42.671,23.31,95291.86,17.79,70.43
3836,42.702,23.371,95775.27,38.76,18.46
2323,42.686,23.4,94332.15,26.36,52.8
2294,42.645,23.265,92746.02,18.94,61.5
3432,42.71,23.419,95270.91,26.77,38.04
1846,42.64,23.31,94113.12,22.4,60.08
3096,42.7,23.36,95645.81,32.26,26.8
3836,42.702,23.371,95771.65,17.57,72.48
2294,42.645,23.265,93328.73,15.15,65.69
3436,42.693,23.359,95415.42,22.08,60.19
1764,42.622,23.366,94217.56,22.78,56.74
3620,42.678,23.254,95072.05,15.61,80.57
3642,42.694,23.36,94308.39,30.47,36.65
3092,42.666,23.284,94054.43,24.25,0.0
3968,42.689,23.357,95348.03,19.26,66.48
2234,42.685,23.356,95326.49,17.76,68.18
2323,42.686,23.4,95471.2,19.28,65.39
3472,42.669,23.318,94895.8,24.07,54.82
3432,42.71,23.419,95875.16,31.67,39.12
2323,42.686,23.4,95421.73,35.01,22.7
2036,42.657,23.349,94994.41,17.28,79.18
3474,42.68,23.293,94740.41,33.75,36.6
3500,42.703,23.349,95444.88,23.87,51.2
2292,42.663,23.273,94626.87,26.39,40.65
3436,42.693,23.359,95360.69,29.09,35.8
3738,42.7,23.332,96000.05,19.22,66.6
3982,42.654,23.33,95074.11,28.33,0.0
2264,42.671,23.31,94399.98,36.89,27.5
1764,42.622,23.366,94284.46,36.58,32.04
3092,42.666,23.284,94691.53,35.96,0.0
1850,42.677,23.311,94481.51,35.11,28.61
2294,42.645,23.265,93162.55,21.76,52.83
2607,42.66,23.319,95126.67,15.19,68.93
4558,42.706,23.38,95717.76,36.13,23.65
4358,42.703,23.373,94628.75,18.76,89.45
2230,42.692,23.332,95491.03,22.18,63.69
2262,42.691,23.324,94181.45,26.18,51.78
2036,42.657,23.349,94710.94,19.32,52.04
3620,42.678,23.254,94910.71,28.2,47.67
3092,42.666,23.284,93873.44,19.08,71.81
3296,42.671,23.325,94190.52,19.44,52.84
1846,42.64,23.31,94077.52,18.28,73.84
3738,42.7,23.332,95281.03,25.3,37.33
2038,42.694,23.32,95579.42,27.79,38.14
3500,42.703,23.349,95631.28,27.51,38.61
3102,42.665,23.392,94509.51,24.81,46.1
3474,42.68,23.293,95349.39,22.23,48.4
3968,42.689,23.357,95314.55,29.38,35.23
3836,42.702,23.371,95868.58,20.91,59.42
1764,42.622,23.366,94306.97,14.75,92.68
2040,42.686,23.351,95328.52,30.22,35.09
3500,42.703,23.349,94961.69,23.31,47.25
2294,42.645,23.265,91980.11,23.24,57.51
2292,42.663,23.273,94417.13,20.89,63.65
1850,42.677,23.311,94736.06,25.84,52.72
3438,42.738,23.293,95139.94,16.7,87.71
4358,42.703,23.373,94393.86,25.75,47.21
3738,42.7,23.332,95135.84,30.07,37.05
2323,42.686,23.4,94665.11,18.7,75.26
1850,42.677,23.311,95138.7,24.58,53.71
3474,42.68,23.293,94828.08,21.33,55.16
1764,42.622,23.366,93237.78,20.08,80.53
1952,42.709,23.398,95920.86,31.86,30.03
3472,42.669,23.318,95004.1,27.37,35.97
1954,42.704,23.354,95703.59,24.48,41.13
2323,42.686,23.4,95696.96,19.8,58.53
3102,42.665,23.392,95329.05,19.59,57.68
2216,42.664,23.373,95335.8,32.18,37.55
2607,42.66,23.319,94856.8,25.39,49.15
2224,42.651,23.335,94672.02,30.82,41.9
1846,42.64,23.31,94027.38,32.32,32.78
2038,42.694,23.32,95735.23,22.02,52.45
3102,42.665,23.392,95700.97,18.76,66.55
3436,42.693,23.359,94504.31,31.41,40.37
2266,42.738,23.272,95795.77,27.51,36.78
4473,42.625,23.321,92289.81,19.67,71.79
1962,42.69,23.324,95736.53,15.94,76.87
2323,42.686,23.4,95543.23,24.74,51.81
3474,42.68,23.293,94990.91,22.85,70.43
3836,42.702,23.371,95143.13,23.98,39.78
4358,42.703,23.373,95579.61,18.27,74.72
2038,42.694,23.32,95469.95,18.37,71.37
2266,42.738,23.272,94702.58,25.6,44.36
2224,42.651,23.335,95042.0,30.41,29.43
2038,42.694,23.32,95378.38,18.72,66.74
2038,42.694,23.32,95528.59,31.57,29.77
3836,42.702,23.371,95860.08,24.66,51.27
1962,42.69,23.324,95354.33,24.83,51.06
1764,42.622,23.366,93696.41,25.79,39.81
2216,42.664,23.373,94817.48,22.03,69.64
4358,42.703,23.373,94907.98,18.34,60.65
2266,42.738,23.272,95976.36,23.25,47.84
2607,42.66,23.319,93959.11,22.73,50.68
1952,42.709,23.398,94828.05,16.58,88.3
3836,42.702,23.371,95660.28,18.43,84.97
3474,42.68,23.293,94981.26,29.17,36.7
3500,42.703,23.349,95450.39,24.19,61.24
3620,42.678,23.254,94296.08,24.7,60.85
2038,42.694,23.32,95509.81,28.69,34.63
2294,42.645,23.265,92883.25,32.11,40.81
2262,42.691,23.324,95498.03,30.84,27.89
2292,42.663,23.273,94571.78,22.78,65.18
2036,42.657,23.349,95131.02,18.09,74.36
3428,42.624,23.406,94456.09,32.29,28.66
3102,42.665,23.392,95346.7,37.18,26.96
1764,42.622,23.366,93860.09,32.36,28.21
2232,42.685,23.301,94017.45,25.6,52.81
3738,42.7,23.332,96009.7,21.23,52.63
3432,42.71,23.419,95535.41,17.54,88.18
2323,42.686,23.4,95878.39,21.74,57.15
1850,42.677,23.311,94827.43,22.76,56.27
2607,42.66,23.319,94957.13,28.19,35.6
3102,42.665,23.392,95022.98,29.03,38.71
2036,42.657,23.349,94292.23,28.28,37.73
3474,42.68,23.293,93907.55,26.35,53.8
3472,42.669,23.318,93467.48,32.23,33.22
3558,42.671,23.364,95628.07,18.92,58.5
3428,42.624,23.406,95121.17,27.01,58.75
2224,42.651,23.335,95234.17,28.42,29.7
3096,42.7,23.36,95201.05,26.77,51.21
2266,42.738,23.272,94612.94,31.14,46.39
1952,42.709,23.398,95715.17,19.6,99.58
3620,42.678,23.254,95054.19,37.27,27.47
3472,42.669,23.318,94876.39,19.03,64.7
2607,42.66,23.319,93565.94,28.75,44.16
2036,42.657,23.349,94281.68,25.6,37.86
1952,42.709,23.398,95673.41,18.88,67.46
3472,42.669,23.318,94885.72,33.54,19.08
1954,42.704,23.354,95183.53,25.7,45.5
2232,42.685,23.301,94610.83,24.67,51.96
3512,42.683,23.335,95230.39,35.19,30.5
2224,42.651,23.335,94729.41,30.9,42.14
1850,42.677,23.311,94619.71,16.85,66.35
1962,42.69,23.324,95194.91,32.26,37.89
2036,42.657,23.349,94995.51,14.66,90.57
2036,42.657,23.349,95037.28,21.72,56.52
2292,42.663,23.273,93910.55,19.3,80.3
2266,42.738,23.272,95890.52,20.04,64.64
3836,42.702,23.371,94962.58,22.14,67.65
1962,42.69,23.324,94581.16,18.12,83.96
3474,42.68,23.293,93984.48,22.02,73.02
3512,42.683,23.335,94963.65,22.01,67.1
2232,42.685,23.301,94942.24,33.65,28.53
2323,42.686,23.4,95529.99,35.12,24.77
3836,42.702,23.371,95711.66,28.03,49.78
1952,42.709,23.398,96021.56,30.34,34.16
3472,42.669,23.318,95115.91,21.65,61.44
3642,42.694,23.36,94761.95,31.09,31.18
3474,42.68,23.293,95287.07,22.97,46.5
3512,42.683,23.335,94277.7,35.4,31.15
1846,42.64,23.31,93890.02,53.86,15.1
2262,42.691,23.324,95029.59,22.64,48.0
3512,42.683,23.335,95555.98,20.16,67.53
3428,42.624,23.406,94584.64,21.39,67.72
2264,42.671,23.31,95071.31,24.22,61.22
1850,42.677,23.311,94684.78,24.83,56.56
2292,42.663,23.273,95015.39,27.07,35.35
3432,42.71,23.419,95755.47,17.76,83.15
3432,42.71,23.419,94797.23,29.29,37.46
2323,42.686,23.4,95473.52,23.73,52.48
3436,42.693,23.359,95688.81,18.64,81.94
4473,42.625,23.321,92601.69,17.89,58.52
3472,42.669,23.318,94731.14,32.09,23.88
3472,42.669,23.318,94482.44,19.76,50.5
2224,42.651,23.335,94912.85,16.61,75.6
2323,42.686,23.4,95606.16,31.68,29.93
2038,42.694,23.32,94713.62,20.99,68.18
2266,42.738,23.272,95075.67,33.95,32.16
3500,42.703,23.349,95018.16,26.63,52.21
3092,42.666,23.284,94935.28,20.37,0.0
4467,42.665,23.278,94724.08,21.07,57.67
4477,42.629,23.301,92740.65,28.14,41.32
3968,42.689,23.357,94956.73,21.12,49.81
3432,42.71,23.419,95948.07,19.19,74.26
2323,42.686,23.4,95377.54,24.15,57.63
2264,42.671,23.31,95148.64,22.81,64.89
2036,42.657,23.349,94967.22,19.16,87.92
2232,42.685,23.301,95462.45,23.03,49.59
2323,42.686,23.4,95856.52,18.37,64.59
1764,42.622,23.366,94587.98,15.51,78.51
2266,42.738,23.272,95148.49,20.89,73.55
4477,42.629,23.301,91554.42,16.05,82.45
2232,42.685,23.301,94930.97,34.83,24.23
2228,42.693,23.333,95807.44,23.02,59.96
3982,42.654,23.33,94666.23,20.94,0.0
3500,42.703,23.349,95477.88,36.16,20.61
2292,42.663,23.273,94297.53,19.97,55.32
1850,42.677,23.311,95372.7,28.29,44.44
2323,42.686,23.4,95504.77,25.86,59.21
1846,42.64,23.31,92825.32,27.05,45.98
4358,42.703,23.373,94392.09,22.9,58.4
4473,42.625,23.321,93373.35,35.89,27.19
1850,42.677,23.311,95268.88,15.83,89.34
1850,42.677,23.311,94868.95,24.82,39.11
3102,42.665,23.392,94919.78,25.66,44.17
3642,42.694,23.36,94650.13,19.94,58.09
2036,42.657,23.349,95058.45,21.64,57.43
2230,42.692,23.332,95487.42,25.23,47.55
2294,42.645,23.265,92742.52,17.37,60.5
1952,42.709,23.398,95672.97,24.81,51.77
4477,42.629,23.301,92676.68,27.27,37.11
3620,42.678,23.254,94590.12,20.74,70.43
1962,42.69,23.324,94859.47,30.84,42.84
3620,42.678,23.254,93813.78,20.23,75.66
2036,42.657,23.349,94854.47,20.02,81.29
2228,42.693,23.333,94213.51,26.22,47.25
3738,42.7,23.332,95113.7,26.62,45.81
3102,42.665,23.392,95327.3,36.44,22.87
3432,42.71,23.419,95966.23,20.68,67.79
2607,42.66,23.319,94876.33,18.4,69.86
3092,42.666,23.284,95178.18,15.63,0.0
3436,42.693,23.359,95398.98,19.96,64.07
1952,42.709,23.398,95360.9,28.55,39.64
2264,42.671,23.31,95359.81,24.74,51.13
2230,42.692,23.332,95441.66,26.28,58.3
2036,42.657,23.349,95215.45,26.7,40.22
2040,42.686,23.351,95771.2,17.89,78.79
2264,42.671,23.31,94290.88,24.59,61.48
1764,42.622,23.366,94034.11,22.47,49.97
2038,42.694,23.32,95156.56,33.33,39.79
4358,42.703,23.373,95191.27,22.6,46.44
3558,42.671,23.364,95349.5,27.22,36.62
2228,42.693,23.333,95525.48,22.54,60.59
3982,42.654,23.33,94725.55,32.7,0.0
2234,42.685,23.356,95238.01,20.13,72.32
1850,42.677,23.311,95099.67,29.58,43.67
3642,42.694,23.36,94341.45,34.19,36.11
2038,42.694,23.32,95482.9,26.64,41.62
2262,42.691,23.324,94703.78,32.51,33.32
3102,42.665,23.392,94988.35,33.11,32.78
2264,42.671,23.31,95080.38,33.21,27.09
3432,42.71,23.419,96043.35,19.22,84.13
1850,42.677,23.311,95006.66,26.29,56.88
2036,42.657,23.349,94939.27,23.83,54.47
3102,42.665,23.392,95836.07,18.06,68.45
3836,42.702,23.371,95180.45,38.8,23.84
3512,42.683,23.335,94344.19,18.83,80.54
2234,42.685,23.356,95303.1,26.25,52.26
3472,42.669,23.318,94925.0,31.37,23.39
3436,42.693,23.359,94979.66,27.37,32.44
2036,42.657,23.349,94060.59,17.29,78.94
4469,42.665,23.293,94903.24,25.29,46.78
3836,42.702,23.371,95750.66,23.85,52.33
2224,42.651,23.335,94332.88,23.63,42.57
3432,42.71,23.419,95721.88,16.63,76.68
1846,42.64,23.31,93763.29,20.14,52.83
3092,42.666,23.284,94670.88,38.33,0.0
1954,42.704,23.354,95569.63,27.24,31.17
1764,42.622,23.366,93330.48,17.3,84.63
1850,42.677,23.311,95314.14,30.1,32.47
3296,42.671,23.325,94781.28,31.99,37.32
2262,42.691,23.324,95236.38,22.54,55.54
3432,42.71,23.419,94740.05,18.33,87.4
3474,42.68,23.293,95185.91,30.92,35.51
2040,42.686,23.351,95400.84,21.63,59.26
3432,42.71,23.419,95761.06,17.62,84.79
2607,42.66,23.319,94547.81,24.65,45.37
3438,42.738,23.293,95830.27,20.45,62.57
3092,42.666,23.284,94071.31,19.83,0.0
3096,42.7,23.36,95067.69,32.67,16.77
3982,42.654,23.33,94858.2,31.76,0.0
3472,42.669,23.318,94933.49,22.96,51.56
2040,42.686,23.351,94564.91,37.37,21.84
2234,42.685,23.356,95462.09,25.53,43.43
2292,42.663,23.273,94137.83,16.51,85.07
3092,42.666,23.284,94355.19,23.57,0.0
3738,42.7,23.332,94843.26,19.13,82.11
2262,42.691,23.324,95119.25,20.47,58.07
3096,42.7,23.36,94947.47,32.78,18.48
3474,42.68,23.293,94354.84,31.6,35.48
4473,42.625,23.321,92188.52,26.02,53.09
2216,42.664,23.373,94765.53,24.72,41.73
3512,42.683,23.335,95268.8,32.57,34.68
2262,42.691,23.324,95655.0,18.85,70.61
3474,42.68,23.293,94403.93,17.51,63.45
3428,42.624,23.406,94450.19,30.32,38.03
4477,42.629,23.301,91352.91,24.33,65.48
3474,42.68,23.293,95157.97,20.51,58.18
1952,42.709,23.398,95672.75,24.17,69.37
4471,42.698,23.291,95128.04,23.05,46.0
1846,42.64,23.31,93922.55,15.74,82.06
2266,42.738,23.272,94678.83,18.02,84.04
3500,42.703,23.349,94553.74,24.7,48.69
3620,42.678,23.254,94744.38,24.16,57.64
1952,42.709,23.398,95816.09,15.77,78.84
3558,42.671,23.364,95201.38,35.09,21.01
1954,42.704,23.354,95337.09,36.01,27.19
1962,42.69,23.324,95280.34,20.89,58.15
3296,42.671,23.325,94986.55,31.61,27.32
3472,42.669,23.318,94175.93,34.52,26.8
3472,42.669,23.318,93972.72,20.15,49.03
3500,42.703,23.349,94879.36,28.17,31.6
3092,42.666,23.284,94424.31,28.93,0.0
1962,42.69,23.324,95524.2,22.92,49.92
3472,42.669,23.318,94697.25,16.25,78.36
3620,42.678,23.254,94369.13,33.06,32.5
2607,42.66,23.319,95249.52,22.89,39.92
3436,42.693,23.359,95682.71,27.61,35.74
2292,42.663,23.273,94877.2,19.75,58.83
3472,42.669,23.318,94939.63,28.13,42.82
3092,42.666,23.284,94082.62,20.59,0.0
3512,42.683,23.335,95696.9,17.9,85.46
2262,42.691,23.324,95441.4,22.83,54.26
3738,42.7,23.332,95948.76,19.59,76.58
3474,42.68,23.293,94013.22,20.71,72.71
2230,42.692,23.332,94957.56,22.78,49.56
4608,42.708,23.308,95390.36,31.4,32.58
2230,42.692,23.332,95219.5,29.9,51.95
1850,42.677,23.311,94432.01,17.38,93.47
2294,42.645,23.265,92774.77,17.79,57.74
1962,42.69,23.324,94901.8,27.11,43.67
2230,42.692,23.332,94960.42,22.83,49.51
2266,42.738,23.272,95469.86,31.75,28.5
3428,42.624,23.406,94719.39,29.76,33.29
2234,42.685,23.356,94619.89,40.95,12.76
2228,42.693,23.333,94899.95,29.72,40.03
3432,42.71,23.419,95758.43,25.28,49.3
2607,42.66,23.319,94565.22,36.72,22.08
1764,42.622,23.366,94644.88,19.2,66.24
1952,42.709,23.398,94953.67,20.5,51.29
2036,42.657,23.349,94475.37,25.05,36.99
1952,42.709,23.398,95189.87,30.29,20.63
4477,42.629,23.301,91567.45,16.3,82.86
3092,42.666,23.284,94805.27,41.68,16.08
1846,42.64,23.31,93168.59,25.4,49.06
2262,42.691,23.324,94796.89,27.18,41.64
3836,42.702,23.371,95746.91,39.09,23.09
3474,42.68,23.293,94845.0,32.69,25.63
3438,42.738,23.293,95336.31,15.6,91.32
3836,42.702,23.371,95182.06,35.79,28.12
3432,42.71,23.419,95521.52,21.0,50.71
2040,42.686,23.351,117638.84,-145.12,100.0
3968,42.689,23.357,94881.48,33.95,26.82
3438,42.738,23.293,94834.88,48.6,8.82
2234,42.685,23.356,95316.23,34.53,22.88
2234,42.685,23.356,94059.84,24.8,58.26
3500,42.703,23.349,95352.47,34.84,26.87
3642,42.694,23.36,94372.55,21.58,50.66
3474,42.68,23.293,95215.57,23.56,48.85
2036,42.657,23.349,95000.13,16.62,74.11
3436,42.693,23.359,94324.29,21.95,68.42
3738,42.7,23.332,95614.16,30.98,29.5
2040,42.686,23.351,95296.47,24.39,49.89
3436,42.693,23.359,94929.75,20.95,56.34
4475,42.654,23.316,93502.19,21.64,70.24
3096,42.7,23.36,95740.81,22.93,54.66
3102,42.665,23.392,95493.81,31.49,30.42
2232,42.685,23.301,95102.75,28.67,34.7
3558,42.671,23.364,95184.64,36.79,17.85
1850,42.677,23.311,95524.9,18.25,66.38
1952,42.709,23.398,95079.28,38.22,21.74
2607,42.66,23.319,95029.77,27.84,33.06
3296,42.671,23.325,94172.01,35.24,30.31
3096,42.7,23.36,95581.22,24.54,60.79
3096,42.7,23.36,95496.12,31.54,30.67
2323,42.686,23.4,95152.48,22.8,66.05
3436,42.693,23.359,95132.36,21.14,50.96
1954,42.704,23.354,95244.25,23.67,38.59
3096,42.7,23.36,95470.47,32.6,35.4
3620,42.678,23.254,94750.72,18.63,70.57
1954,42.704,23.354,94702.63,17.95,83.04
3982,42.654,23.33,95035.52,21.53,0.0
3512,42.683,23.335,95634.84,25.25,41.29
3296,42.671,23.325,95279.12,21.54,66.13
1764,42.622,23.366,94311.06,28.14,38.15
3474,42.68,23.293,94600.3,23.72,42.03
2234,42.685,23.356,95229.54,27.59,50.95
3968,42.689,23.357,95413.68,20.61,63.98
2294,42.645,23.265,92819.46,15.61,75.69
4469,42.665,23.293,93768.14,25.53,41.98
2262,42.691,23.324,95362.53,15.64,81.01
2224,42.651,23.335,95052.84,24.4,43.56
3432,42.71,23.419,95705.66,20.59,68.13
2216,42.664,23.373,95234.58,31.81,39.01
2294,42.645,23.265,92073.13,35.83,35.31
2266,42.738,23.272,94589.63,22.61,65.71
2036,42.657,23.349,94440.28,22.13,65.41
2224,42.651,23.335,94931.14,16.58,76.24
2607,42.66,23.319,94323.28,31.5,30.22
3500,42.703,23.349,95356.45,19.4,62.76
3438,42.738,23.293,95688.95,23.01,55.12
3436,42.693,23.359,94438.13,36.52,31.24
4469,42.665,23.293,94246.31,25.25,38.47
3738,42.7,23.332,94604.94,32.18,38.68
4469,42.665,23.293,94847.77,28.05,37.88
3472,42.669,23.318,94806.64,23.42,57.88
2294,42.645,23.265,92535.8,29.69,26.86
3512,42.683,23.335,95254.3,23.26,72.85
3620,42.678,23.254,95127.27,17.74,80.71
2230,42.692,23.332,95764.25,19.15,76.68
3102,42.665,23.392,95564.75,18.79,57.47
3620,42.678,23.254,94272.39,30.55,42.52
2232,42.685,23.301,94682.59,23.67,56.64
2232,42.685,23.301,94460.48,39.0,20.15
3982,42.654,23.33,93710.23,21.92,0.0
2294,42.645,23.265,92886.11,17.65,70.49
3738,42.7,23.332,95458.13,28.64,31.74
3642,42.694,23.36,95368.2,20.35,65.39
3474,42.68,23.293,95081.1,32.64,36.44
1846,42.64,23.31,93279.55,38.16,20.1
2038,42.694,23.32,95776.67,23.7,49.98
3102,42.665,23.392,95716.85,36.72,17.93
4471,42.698,23.291,95518.08,45.78,10.86
3474,42.68,23.293,94797.16,22.63,41.7
2266,42.738,23.272,95748.62,28.97,43.17
1764,42.622,23.366,94536.72,15.74,73.38
3432,42.71,23.419,95526.94,34.98,24.99
2224,42.651,23.335,94328.59,23.36,42.52
3432,42.71,23.419,95351.03,24.91,42.03
4608,42.708,23.308,95688.57,34.81,26.49
3558,42.671,23.364,94266.73,33.31,27.39
3620,42.678,23.254,94293.49,21.96,50.7
2040,42.686,23.351,117638.84,-145.12,100.0
1962,42.69,23.324,95417.56,16.05,77.13
2266,42.738,23.272,95743.14,23.45,60.17
3438,42.738,23.293,95886.05,21.9,63.98
2262,42.691,23.324,94768.42,23.0,45.23
2228,42.693,23.333,94085.9,31.05,35.72
3500,42.703,23.349,95354.11,20.86,55.89
3500,42.703,23.349,95196.44,22.71,43.25
3428,42.624,23.406,94856.55,22.07,47.1
2607,42.66,23.319,95114.95,18.57,70.19
4358,42.703,23.373,95855.39,25.23,51.97
2266,42.738,23.272,95733.63,23.68,59.44
2323,42.686,23.4,95319.7,29.12,48.21
2228,42.693,23.333,95777.03,18.07,78.37
4358,42.703,23.373,95653.98,33.98,27.88
3832,42.662,23.289,95068.64,24.69,51.43
2230,42.692,23.332,94585.56,30.64,43.34
3102,42.665,23.392,95284.99,33.74,25.5
2266,42.738,23.272,94722.42,27.45,45.72
4358,42.703,23.373,95649.41,20.07,89.24
2230,42.692,23.332,95579.21,20.62,61.86
2323,42.686,23.4,94998.17,23.38,45.41
2230,42.692,23.332,95747.83,22.56,54.23
3512,42.683,23.335,95726.05,18.91,66.52
2266,42.738,23.272,95688.45,27.47,40.5
3500,42.703,23.349,95316.13,47.06,10.68
3428,42.624,23.406,95515.33,22.87,51.88
3436,42.693,23.359,94895.37,27.66,49.61
2230,42.692,23.332,95294.86,27.74,37.67
3438,42.738,23.293,94760.04,19.34,81.76
2323,42.686,23.4,94599.53,23.98,55.65
2036,42.657,23.349,94313.09,15.66,69.47
2294,42.645,23.265,93315.2,14.64,71.45
3836,42.702,23.371,96060.08,17.5,88.86
3428,42.624,23.406,94649.34,22.99,49.96
2292,42.663,23.273,94885.39,18.66,55.63
3474,42.68,23.293,94130.83,30.85,39.67
1962,42.69,23.324,94752.39,30.0,35.56
2228,42.693,23.333,95531.8,28.29,45.19
3620,42.678,23.254,94437.11,36.36,37.03
2292,42.663,23.273,94680.75,21.68,64.8
2232,42.685,23.301,93916.31,26.06,54.91
2228,42.693,23.333,95797.56,18.75,76.42
3512,42.683,23.335,95130.71,26.98,36.21
3428,42.624,23.406,94847.6,33.88,38.26
3102,42.665,23.392,94820.55,41.35,11.06
1764,42.622,23.366,94344.94,19.12,69.33
3620,42.678,23.254,94759.43,21.24,83.55
2038,42.694,23.32,94647.7,32.3,39.47
3620,42.678,23.254,93827.87,19.38,79.76
2216,42.664,23.373,95336.59,31.11,29.49
3500,42.703,23.349,94426.31,20.76,72.74
3102,42.665,23.392,95422.25,31.0,25.72
1846,42.64,23.31,94226.2,18.16,87.72
3474,42.68,23.293,95022.61,25.78,56.24
3296,42.671,23.325,94939.7,15.44,89.35
2040,42.686,23.351,117638.84,-145.12,100.0
3558,42.671,23.364,95348.42,36.43,22.97
1850,42.677,23.311,95017.27,29.59,46.23
4467,42.665,23.278,94985.13,28.26,43.93
1846,42.64,23.31,93939.55,20.4,75.88
2264,42.671,23.31,95066.88,24.73,49.24
2224,42.651,23.335,93945.08,22.22,55.91
3512,42.683,23.335,95129.15,21.01,49.62
3474,42.68,23.293,95163.34,20.45,57.35
3432,42.71,23.419,96075.92,21.96,56.41
2294,42.645,23.265,93036.5,44.7,14.18
2230,42.692,23.332,95281.58,25.09,57.6
4473,42.625,23.321,92066.57,28.31,41.63
3500,42.703,23.349,95524.63,33.42,37.32
3512,42.683,23.335,94344.87,32.05,39.17
3512,42.683,23.335,95248.82,30.21,39.74
3620,42.678,23.254,94946.11,20.64,61.32
3296,42.671,23.325,94842.77,20.75,59.88
3432,42.71,23.419,95753.0,31.5,29.41
3432,42.71,23.419,95574.05,31.84,35.13
2230,42.692,23.332,95169.78,28.01,33.52
2232,42.685,23.301,94673.25,26.34,50.47
1850,42.677,23.311,95096.48,29.69,44.17
2216,42.664,23.373,95160.53,21.64,76.18
2607,42.66,23.319,95219.39,16.61,85.52
2228,42.693,23.333,95381.45,25.23,48.19
2036,42.657,23.349,94947.02,14.22,92.12
3096,42.7,23.36,95045.77,24.67,52.91
2323,42.686,23.4,95146.87,28.34,47.0
3472,42.669,23.318,94592.38,26.43,56.33
2266,42.738,23.272,95433.32,21.21,65.41
3620,42.678,23.254,94861.65,22.47,70.88
2036,42.657,23.349,94908.73,33.82,25.8
2040,42.686,23.351,95832.13,16.46,83.95
3474,42.68,23.293,95120.94,27.88,39.59
2264,42.671,23.31,95141.95,28.09,41.87
4358,42.703,23.373,95693.09,30.5,30.42
3096,42.7,23.36,94547.61,23.28,66.21
2607,42.66,23.319,94970.4,27.53,37.52
2607,42.66,23.319,94937.32,25.17,46.9
3428,42.624,23.406,95527.28,27.24,43.98
3738,42.7,23.332,94686.14,31.11,31.98
3432,42.71,23.419,95107.69,31.78,21.58
2234,42.685,23.356,95034.33,26.07,41.97
2607,42.66,23.319,95096.09,26.64,44.49
3500,42.703,23.349,95008.03,29.49,33.65
3296,42.671,23.325,94349.18,33.29,30.63
3438,42.738,23.293,94741.69,37.9,22.85
2036,42.657,23.349,95150.8,25.51,37.86
3436,42.693,23.359,95495.24,26.85,40.36
3474,42.68,23.293,94054.35,31.49,40.19
1764,42.622,23.366,94537.0,30.36,36.74
2264,42.671,23.31,94427.73,21.68,48.15
3500,42.703,23.349,95711.7,20.34,58.22
2228,42.693,23.333,95695.63,16.5,71.26
3432,42.71,23.419,95677.6,31.89,32.26
3428,42.624,23.406,95023.11,22.86,53.62
3474,42.68,23.293,94856.03,31.86,36.9
4358,42.703,23.373,0.0,0.0,0.0
3428,42.624,23.406,95092.62,27.36,44.58
2323,42.686,23.4,95129.95,32.16,28.77
4473,42.625,23.321,92185.59,22.21,59.34
3092,42.666,23.284,95094.03,31.91,0.0
3620,42.678,23.254,94157.6,22.18,70.86
1962,42.69,23.324,95776.14,15.48,73.36
1850,42.677,23.311,94904.08,24.45,63.62
3982,42.654,23.33,94962.83,25.81,0.0
3558,42.671,23.364,95294.55,26.62,43.47
3620,42.678,23.254,94975.44,26.3,48.08
3296,42.671,23.325,94596.91,39.75,17.66
2038,42.694,23.32,95330.41,28.71,44.89
2266,42.738,23.272,95958.91,18.85,71.59
1850,42.677,23.311,94918.8,27.28,48.25
3474,42.68,23.293,95056.44,16.71,79.57
3620,42.678,23.254,94325.34,28.83,50.25
3432,42.71,23.419,95190.55,34.61,31.25
4471,42.698,23.291,94458.29,34.49,22.4
3836,42.702,23.371,95815.81,26.29,41.33
3438,42.738,23.293,95345.63,32.87,35.61
3092,42.666,23.284,94281.36,28.35,32.64
1952,42.709,23.398,95374.25,23.73,44.16
3642,42.694,23.36,94903.72,22.44,49.66
2228,42.693,23.333,95806.48,22.74,52.58
2234,42.685,23.356,95245.31,28.83,37.48
2262,42.691,23.324,95367.3,16.62,77.4
1846,42.64,23.31,94263.69,19.61,52.68
3432,42.71,23.419,95476.05,36.17,23.35
3096,42.7,23.36,94521.06,22.8,66.19
2228,42.693,23.333,95739.02,22.58,52.82
4475,42.654,23.316,93836.41,25.2,42.39
4471,42.698,23.291,94772.27,18.29,57.21
2264,42.671,23.31,95199.81,26.05,54.79
3500,42.703,23.349,95748.25,21.05,57.96
3438,42.738,23.293,95131.26,44.28,15.28
3428,42.624,23.406,94845.59,28.82,36.56
2228,42.693,23.333,95193.48,21.57,52.83
1954,42.704,23.354,95291.12,37.35,24.66
2224,42.651,23.335,94419.45,25.18,40.93
2036,42.657,23.349,95229.5,24.75,37.65
3836,42.702,23.371,95807.67,32.07,38.58
2607,42.66,23.319,94969.08,27.2,46.34
2230,42.692,23.332,95468.66,19.61,63.91
2292,42.663,23.273,94488.59,41.6,24.61
1850,42.677,23.311,95187.48,31.52,27.59
2038,42.694,23.32,95518.63,28.58,34.83
3428,42.624,23.406,94193.21,24.45,50.5
1952,42.709,23.398,95575.34,31.38,40.71
2224,42.651,23.335,95210.17,25.03,42.12
2216,42.664,23.373,95473.57,19.1,72.34
3500,42.703,23.349,94984.72,29.83,33.42
3472,42.669,23.318,94850.45,27.82,44.23
2323,42.686,23.4,95512.66,26.71,50.72
